row_id,account_id,record_id,status,booking_date,value_date,direction,currency,signed_amount,abs_amount,counterparty_name,remittance
1,4462ebfc-5f91-4ef0-9cfb-ac6e7687a66e,50468d3427417008,BOOKED,2023-12-31,2024-01-01,OUT,EUR,-807.71,807.71,Ingrid Tamm,Invoice W3AB1MLE
2,4462ebfc-5f91-4ef0-9cfb-ac6e7687a66e,ce5d4f88951af996,BOOKED,2024-01-01,2024-01-01,IN,EUR,607.32,607.32,Andres Jansen,Salary January
3,4462ebfc-5f91-4ef0-9cfb-ac6e7687a66e,856745dd4f737bbf,BOOKED,2023-12-31,2024-01-02,IN,EUR,8162.74,8162.74,Sophie Berg,Rent payment January
4,4462ebfc-5f91-4ef0-9cfb-ac6e7687a66e,88148b647dc7c42e,BOOKED,2024-01-01,2024-01-03,IN,EUR,7399.84,7399.84,Jan Saar,Invoice IQUXDFCS
5,4462ebfc-5f91-4ef0-9cfb-ac6e7687a66e,8de241ed618837b1,PENDING,,2024-01-03,IN,EUR,182.52,182.52,Olivia Nilsson,Salary January
6,4462ebfc-5f91-4ef0-9cfb-ac6e7687a66e,c19df7db0f886749,BOOKED,2024-01-02,2024-01-03,IN,EUR,155.8,155.8,Laura Tamm,Grocery store purchase
7,4462ebfc-5f91-4ef0-9cfb-ac6e7687a66e,c6a841f69c366ad2,BOOKED,2024-01-03,2024-01-04,OUT,EUR,-7102.5,7102.5,Andres Berg,Transfer to savings
8,4462ebfc-5f91-4ef0-9cfb-ac6e7687a66e,cf9a6bd8d234e84c,BOOKED,2024-01-04,2024-01-05,OUT,EUR,-7773.94,7773.94,Emma Mueller,Loan repayment January
9,4462ebfc-5f91-4ef0-9cfb-ac6e7687a66e,36b5984d180a83e6,BOOKED,2024-01-06,2024-01-06,OUT,EUR,-1686.56,1686.56,Olivia Lepp,Invoice NO9W4RI1
10,4462ebfc-5f91-4ef0-9cfb-ac6e7687a66e,8901443c5152e64d,BOOKED,2024-01-06,2024-01-06,OUT,EUR,-4005.03,4005.03,Olivia Kowalski,Grocery store purchase
11,4462ebfc-5f91-4ef0-9cfb-ac6e7687a66e,18eefaa221a30322,BOOKED,2024-01-07,2024-01-07,IN,EUR,6855.93,6855.93,Ingrid Oja,Tax payment GP8H961E
12,4462ebfc-5f91-4ef0-9cfb-ac6e7687a66e,6fbb3669ec6278e1,PENDING,,2024-01-07,IN,EUR,5665.94,5665.94,Peeter Nilsson,Utility bill January
13,4462ebfc-5f91-4ef0-9cfb-ac6e7687a66e,2835cbeba025a445,BOOKED,2024-01-07,2024-01-08,IN,EUR,7165.1,7165.1,Julia Jansen,Tax payment 4WM39X4O
14,4462ebfc-5f91-4ef0-9cfb-ac6e7687a66e,2f77e1cce25c1ee6,BOOKED,2024-01-06,2024-01-08,IN,EUR,2654.99,2654.99,Peeter Paju,Rent payment January
15,4462ebfc-5f91-4ef0-9cfb-ac6e7687a66e,c019c889f7f9c04d,BOOKED,2024-01-06,2024-01-08,IN,EUR,3932.31,3932.31,Elena Tamm,Utility bill January
16,4462ebfc-5f91-4ef0-9cfb-ac6e7687a66e,3e2235498d8e97d4,BOOKED,2024-01-07,2024-01-09,IN,EUR,6094.16,6094.16,Ingrid Berg,Grocery store purchase
17,4462ebfc-5f91-4ef0-9cfb-ac6e7687a66e,5bd4f7863dc1a8b1,BOOKED,2024-01-09,2024-01-09,IN,EUR,3442.9,3442.9,Katrin Mueller,Grocery store purchase
18,4462ebfc-5f91-4ef0-9cfb-ac6e7687a66e,dc62cbfc5953b8fc,BOOKED,2024-01-09,2024-01-09,OUT,EUR,-5220.59,5220.59,Julia Dubois,Online purchase NNBWEVXP
19,4462ebfc-5f91-4ef0-9cfb-ac6e7687a66e,10f8562cbe8600ca,BOOKED,2024-01-10,2024-01-10,OUT,EUR,-3495.65,3495.65,Stefan Rossi,Loan repayment January
20,4462ebfc-5f91-4ef0-9cfb-ac6e7687a66e,5259337957fa04b1,BOOKED,2024-01-09,2024-01-10,IN,EUR,2742.78,2742.78,Laura Kask,Online purchase 6IPKVXXY
21,4462ebfc-5f91-4ef0-9cfb-ac6e7687a66e,0215872bccbcb437,BOOKED,2024-01-11,2024-01-11,IN,EUR,7207.97,7207.97,Anna Mets,Refund order VI9XNG04
22,4462ebfc-5f91-4ef0-9cfb-ac6e7687a66e,5767044e8da28053,BOOKED,2024-01-09,2024-01-11,OUT,EUR,-1336.08,1336.08,Clara Smith,Tax payment HM794CZX
23,4462ebfc-5f91-4ef0-9cfb-ac6e7687a66e,ed852dae7581126a,BOOKED,2024-01-11,2024-01-11,IN,EUR,4047.11,4047.11,Mart Oja,Utility bill January
24,4462ebfc-5f91-4ef0-9cfb-ac6e7687a66e,3c368cfc9ce29ee1,BOOKED,2024-01-11,2024-01-12,IN,EUR,4251.13,4251.13,Emma Tamm,Grocery store purchase
25,4462ebfc-5f91-4ef0-9cfb-ac6e7687a66e,5aa53e0530ffc122,PENDING,,2024-01-12,OUT,EUR,-7362.33,7362.33,Henrik Rossi,Grocery store purchase
26,4462ebfc-5f91-4ef0-9cfb-ac6e7687a66e,7b3415104bdf536c,BOOKED,2024-01-11,2024-01-12,IN,EUR,1830.49,1830.49,Henrik Dubois,Service fee
27,4462ebfc-5f91-4ef0-9cfb-ac6e7687a66e,093f994b12bf3df9,BOOKED,2024-01-12,2024-01-13,IN,EUR,7035.75,7035.75,Viktor Berg,Tax payment PWSGBC95
28,4462ebfc-5f91-4ef0-9cfb-ac6e7687a66e,85feb0b3beafc31b,BOOKED,2024-01-11,2024-01-13,IN,EUR,5847.15,5847.15,Peeter Mueller,Invoice 7LTU6I77
29,4462ebfc-5f91-4ef0-9cfb-ac6e7687a66e,ce1d2867dbdecd0a,PENDING,,2024-01-13,OUT,EUR,-2123.25,2123.25,Emma Smith,Service fee
30,4462ebfc-5f91-4ef0-9cfb-ac6e7687a66e,0ec8b6277768b8b3,BOOKED,2024-01-13,2024-01-14,IN,EUR,1182.96,1182.96,Stefan Dubois,Subscription renewal
31,4462ebfc-5f91-4ef0-9cfb-ac6e7687a66e,111e6d29e78dafea,PENDING,,2024-01-14,OUT,EUR,-8428.55,8428.55,Elena Mets,Online purchase UO18NOE8
32,4462ebfc-5f91-4ef0-9cfb-ac6e7687a66e,128d8b1f3ef89321,PENDING,,2024-01-14,OUT,EUR,-3991.25,3991.25,Stefan Nilsson,Service fee
33,4462ebfc-5f91-4ef0-9cfb-ac6e7687a66e,21d43b292d8b79f7,BOOKED,2024-01-14,2024-01-14,OUT,EUR,-137.2,137.2,Liisa Kask,Rent payment January
34,4462ebfc-5f91-4ef0-9cfb-ac6e7687a66e,943bbf5afa041164,BOOKED,2024-01-13,2024-01-14,IN,EUR,5333.84,5333.84,Andres Mueller,Salary January
35,4462ebfc-5f91-4ef0-9cfb-ac6e7687a66e,cb1e59f4fb204711,BOOKED,2024-01-13,2024-01-14,OUT,EUR,-2622.57,2622.57,Felix Oja,Transfer to savings
36,4462ebfc-5f91-4ef0-9cfb-ac6e7687a66e,067b9fbbfc1366bb,BOOKED,2024-01-14,2024-01-15,IN,EUR,1051.35,1051.35,Mart Kask,Freelance payment 68W6AM29
37,4462ebfc-5f91-4ef0-9cfb-ac6e7687a66e,180dd12a6e56e154,BOOKED,2024-01-13,2024-01-15,IN,EUR,7087.79,7087.79,Julia Mets,Utility bill January
38,4462ebfc-5f91-4ef0-9cfb-ac6e7687a66e,4e5bed031c101002,PENDING,,2024-01-15,IN,EUR,670.07,670.07,Markus Kowalski,Salary January
39,4462ebfc-5f91-4ef0-9cfb-ac6e7687a66e,69453dca33df33ff,BOOKED,2024-01-14,2024-01-15,OUT,EUR,-1322.58,1322.58,Marie Jansen,Service fee
40,4462ebfc-5f91-4ef0-9cfb-ac6e7687a66e,6d35c629d1ae3342,BOOKED,2024-01-13,2024-01-15,IN,EUR,9091.59,9091.59,Clara Jansen,Grocery store purchase
41,4462ebfc-5f91-4ef0-9cfb-ac6e7687a66e,9345717eb9dd9966,BOOKED,2024-01-13,2024-01-15,OUT,EUR,-4264.49,4264.49,Felix Nilsson,Online purchase QR1TN6MR
42,4462ebfc-5f91-4ef0-9cfb-ac6e7687a66e,b11868aa4d86a357,PENDING,,2024-01-15,IN,EUR,9181.99,9181.99,Andres Dubois,Subscription renewal
43,4462ebfc-5f91-4ef0-9cfb-ac6e7687a66e,ceca1e21cac5d6c8,BOOKED,2024-01-15,2024-01-15,IN,EUR,4076,4076,Andres Lepp,Tax payment D5WURT8Z
44,4462ebfc-5f91-4ef0-9cfb-ac6e7687a66e,af877b7e32825deb,PENDING,,2024-01-16,OUT,EUR,-7066.75,7066.75,Olivia Dubois,Online purchase NJUDTEYP
45,4462ebfc-5f91-4ef0-9cfb-ac6e7687a66e,c23053a50e424b47,PENDING,,2024-01-16,IN,EUR,7017.96,7017.96,Andres Mueller,Grocery store purchase
46,4462ebfc-5f91-4ef0-9cfb-ac6e7687a66e,e3a041ee43b48b93,BOOKED,2024-01-16,2024-01-16,OUT,EUR,-8865.89,8865.89,Marie Dubois,Online purchase 9I6KALPV
47,4462ebfc-5f91-4ef0-9cfb-ac6e7687a66e,1e2dddcb4b665f78,BOOKED,2024-01-17,2024-01-17,IN,EUR,1621.59,1621.59,Liisa Kuusk,Service fee
48,4462ebfc-5f91-4ef0-9cfb-ac6e7687a66e,4186b5ecec603c84,BOOKED,2024-01-17,2024-01-17,IN,EUR,7307.62,7307.62,Jan Jansen,Loan repayment January
49,4462ebfc-5f91-4ef0-9cfb-ac6e7687a66e,a12ed1f9d82c34bd,BOOKED,2024-01-17,2024-01-17,OUT,EUR,-8099.36,8099.36,Carlos Paju,Online purchase DBCQNYDK
50,4462ebfc-5f91-4ef0-9cfb-ac6e7687a66e,3a4d771b493cbc54,BOOKED,2024-01-17,2024-01-18,OUT,EUR,-558.71,558.71,Peeter Mueller,Rent payment January
51,4462ebfc-5f91-4ef0-9cfb-ac6e7687a66e,7d4431eeede7acba,PENDING,,2024-01-18,IN,EUR,3712.01,3712.01,Ingrid Jansen,Utility bill January
52,4462ebfc-5f91-4ef0-9cfb-ac6e7687a66e,7ebb23aed61fcb9b,PENDING,,2024-01-18,IN,EUR,3969.17,3969.17,Olivia Kask,Freelance payment L5LDGY7I
53,4462ebfc-5f91-4ef0-9cfb-ac6e7687a66e,15ff36cf7b4512d8,BOOKED,2024-01-18,2024-01-19,IN,EUR,6301.33,6301.33,Jan Rossi,Online purchase 49ZWZVYR
54,4462ebfc-5f91-4ef0-9cfb-ac6e7687a66e,22ef1f0fe102e11b,BOOKED,2024-01-19,2024-01-19,OUT,EUR,-4310.83,4310.83,Marie Rossi,Refund order SB2TQL19
55,4462ebfc-5f91-4ef0-9cfb-ac6e7687a66e,252e12f195aea48b,BOOKED,2024-01-18,2024-01-20,IN,EUR,3970.71,3970.71,Tomas Rossi,Freelance payment W7CBXU72
56,4462ebfc-5f91-4ef0-9cfb-ac6e7687a66e,a7f6b82a83effb68,BOOKED,2024-01-18,2024-01-20,OUT,EUR,-1592.77,1592.77,Peeter Kowalski,Freelance payment 7JND10E0
57,4462ebfc-5f91-4ef0-9cfb-ac6e7687a66e,022591c095ccf687,BOOKED,2024-01-21,2024-01-21,OUT,EUR,-3278.9,3278.9,Tomas Nilsson,Service fee
58,4462ebfc-5f91-4ef0-9cfb-ac6e7687a66e,b3c0a83d64b75966,PENDING,,2024-01-21,OUT,EUR,-2059.9,2059.9,Olivia Nilsson,Refund order YBL4QXK5
59,4462ebfc-5f91-4ef0-9cfb-ac6e7687a66e,3e199fd4c15aa0f8,BOOKED,2024-01-20,2024-01-22,OUT,EUR,-3966.98,3966.98,Julia Lepp,Transfer to savings
60,4462ebfc-5f91-4ef0-9cfb-ac6e7687a66e,562d7300750378de,BOOKED,2024-01-22,2024-01-22,IN,EUR,2722.38,2722.38,Elena Lepp,Loan repayment January
61,4462ebfc-5f91-4ef0-9cfb-ac6e7687a66e,7f271ce485603e19,PENDING,,2024-01-22,OUT,EUR,-2258.02,2258.02,Henrik Nilsson,Invoice 4MS6O3TS
62,4462ebfc-5f91-4ef0-9cfb-ac6e7687a66e,ab366f1716bba8fa,PENDING,,2024-01-23,IN,EUR,6659.89,6659.89,Markus Mets,Invoice 2G3T5MIY
63,4462ebfc-5f91-4ef0-9cfb-ac6e7687a66e,cdd0354d2602f854,BOOKED,2024-01-21,2024-01-23,OUT,EUR,-9693.26,9693.26,Luca Kuusk,Refund order ABWGWSXA
64,4462ebfc-5f91-4ef0-9cfb-ac6e7687a66e,df7fd947b4940511,BOOKED,2024-01-22,2024-01-23,OUT,EUR,-8614.61,8614.61,Katrin Paju,Grocery store purchase
65,4462ebfc-5f91-4ef0-9cfb-ac6e7687a66e,1344bf70a78f84b4,BOOKED,2024-01-24,2024-01-24,IN,EUR,6894.7,6894.7,Liisa Oja,Transfer to savings
66,4462ebfc-5f91-4ef0-9cfb-ac6e7687a66e,53230aa6cbc662eb,BOOKED,2024-01-23,2024-01-24,IN,EUR,2299.78,2299.78,Marie Smith,Loan repayment January
67,4462ebfc-5f91-4ef0-9cfb-ac6e7687a66e,8504a35cd0741c07,BOOKED,2024-01-23,2024-01-24,OUT,EUR,-5941.01,5941.01,Katrin Lepp,Subscription renewal
68,4462ebfc-5f91-4ef0-9cfb-ac6e7687a66e,a534ec9825b079a1,PENDING,,2024-01-24,OUT,EUR,-6719.39,6719.39,Olivia Kowalski,Donation to charity
69,4462ebfc-5f91-4ef0-9cfb-ac6e7687a66e,b8644a26497b7435,BOOKED,2024-01-22,2024-01-24,IN,EUR,5857.55,5857.55,Sophie Dubois,Loan repayment January
70,4462ebfc-5f91-4ef0-9cfb-ac6e7687a66e,effbb2f6dc8afc40,BOOKED,2024-01-24,2024-01-24,OUT,EUR,-8626.93,8626.93,Henrik Mueller,Transfer to savings
71,4462ebfc-5f91-4ef0-9cfb-ac6e7687a66e,fd7b4b6b28c44510,PENDING,,2024-01-24,IN,EUR,7806.04,7806.04,Ingrid Saar,Utility bill January
72,4462ebfc-5f91-4ef0-9cfb-ac6e7687a66e,4fb76df64d093f88,BOOKED,2024-01-23,2024-01-25,OUT,EUR,-4509.9,4509.9,Katrin Paju,Salary January
73,4462ebfc-5f91-4ef0-9cfb-ac6e7687a66e,7d737db752acec40,BOOKED,2024-01-23,2024-01-25,OUT,EUR,-4193.55,4193.55,Henrik Nilsson,Insurance premium Q1
74,4462ebfc-5f91-4ef0-9cfb-ac6e7687a66e,8669c28be941163a,PENDING,,2024-01-25,OUT,EUR,-4025.66,4025.66,Markus Dubois,Rent payment January
75,4462ebfc-5f91-4ef0-9cfb-ac6e7687a66e,bbb46073fdf073f6,BOOKED,2024-01-24,2024-01-25,OUT,EUR,-9533.49,9533.49,Katrin Oja,Refund order D128VSB1
76,4462ebfc-5f91-4ef0-9cfb-ac6e7687a66e,fa2a82d83fb4fd2c,BOOKED,2024-01-24,2024-01-25,IN,EUR,6341.63,6341.63,Markus Paju,Refund order 26I90KEI
77,4462ebfc-5f91-4ef0-9cfb-ac6e7687a66e,0732814d2a3d9ebc,BOOKED,2024-01-25,2024-01-26,OUT,EUR,-2771.97,2771.97,Marie Tamm,Freelance payment O2DB66MD
78,4462ebfc-5f91-4ef0-9cfb-ac6e7687a66e,078dbcc594281438,BOOKED,2024-01-26,2024-01-26,OUT,EUR,-292.19,292.19,Sophie Berg,Tax payment ITL0X6RW
79,4462ebfc-5f91-4ef0-9cfb-ac6e7687a66e,1a0a501e0803e177,PENDING,,2024-01-26,IN,EUR,9553.05,9553.05,Henrik Berg,Grocery store purchase
80,4462ebfc-5f91-4ef0-9cfb-ac6e7687a66e,a32e029ea4fca519,BOOKED,2024-01-24,2024-01-26,IN,EUR,2780.11,2780.11,Sophie Mets,Online purchase EV465SY8
81,4462ebfc-5f91-4ef0-9cfb-ac6e7687a66e,c7f4ca5bf44fe282,BOOKED,2024-01-25,2024-01-26,IN,EUR,32.15,32.15,Katrin Kask,Subscription renewal
82,4462ebfc-5f91-4ef0-9cfb-ac6e7687a66e,c94d15dde2fd880b,BOOKED,2024-01-25,2024-01-26,OUT,EUR,-6401.65,6401.65,Markus Paju,Subscription renewal
83,4462ebfc-5f91-4ef0-9cfb-ac6e7687a66e,158d698176645a24,BOOKED,2024-01-27,2024-01-27,OUT,EUR,-1774.07,1774.07,Emma Dubois,Grocery store purchase
84,4462ebfc-5f91-4ef0-9cfb-ac6e7687a66e,68c033bee788d7c5,BOOKED,2024-01-26,2024-01-27,OUT,EUR,-7573.37,7573.37,Anna Kask,Service fee
85,4462ebfc-5f91-4ef0-9cfb-ac6e7687a66e,a2e57df7b9b381cf,BOOKED,2024-01-26,2024-01-27,IN,EUR,7687.4,7687.4,Henrik Dubois,Transfer to savings
86,4462ebfc-5f91-4ef0-9cfb-ac6e7687a66e,be849c58399b0643,PENDING,,2024-01-27,OUT,EUR,-4502.7,4502.7,Carlos Lepp,Online purchase 29SR08H6
87,4462ebfc-5f91-4ef0-9cfb-ac6e7687a66e,c4ebaf49a7e04555,PENDING,,2024-01-27,IN,EUR,4880.9,4880.9,Katrin Kuusk,Service fee
88,4462ebfc-5f91-4ef0-9cfb-ac6e7687a66e,f2bf86813fc1bb27,PENDING,,2024-01-27,OUT,EUR,-6650.12,6650.12,Andres Paju,Subscription renewal
89,4462ebfc-5f91-4ef0-9cfb-ac6e7687a66e,769b49ef0bff9dfc,PENDING,,2024-01-28,OUT,EUR,-4290.21,4290.21,Olivia Oja,Service fee
90,4462ebfc-5f91-4ef0-9cfb-ac6e7687a66e,77b0693a760e60ec,BOOKED,2024-01-27,2024-01-28,OUT,EUR,-9281.2,9281.2,Felix Tamm,Tax payment KZFEHPKL
91,4462ebfc-5f91-4ef0-9cfb-ac6e7687a66e,9884efbe236a6bde,BOOKED,2024-01-26,2024-01-28,OUT,EUR,-4171.42,4171.42,Liisa Nilsson,Subscription renewal
92,4462ebfc-5f91-4ef0-9cfb-ac6e7687a66e,34d2248fb861c53c,BOOKED,2024-01-28,2024-01-29,OUT,EUR,-8975.74,8975.74,Viktor Smith,Service fee
93,4462ebfc-5f91-4ef0-9cfb-ac6e7687a66e,5bb41a632b88702d,PENDING,,2024-01-29,IN,EUR,8837.55,8837.55,Felix Jansen,Subscription renewal
94,4462ebfc-5f91-4ef0-9cfb-ac6e7687a66e,6a489ca34b60eda9,BOOKED,2024-01-28,2024-01-29,IN,EUR,5448.45,5448.45,Liisa Berg,Donation to charity
95,4462ebfc-5f91-4ef0-9cfb-ac6e7687a66e,8d452cdd8648b511,BOOKED,2024-01-28,2024-01-29,OUT,EUR,-5062.19,5062.19,Tomas Kuusk,Service fee
96,4462ebfc-5f91-4ef0-9cfb-ac6e7687a66e,ead6561fab6af252,BOOKED,2024-01-29,2024-01-29,IN,EUR,6411.05,6411.05,Felix Oja,Insurance premium Q1
97,4462ebfc-5f91-4ef0-9cfb-ac6e7687a66e,eb73d10a18f9f16d,BOOKED,2024-01-29,2024-01-29,OUT,EUR,-2841.56,2841.56,Jan Mets,Refund order IEQ25AZ8
98,4462ebfc-5f91-4ef0-9cfb-ac6e7687a66e,a1e72e5503e4fb53,BOOKED,2024-01-30,2024-01-30,IN,EUR,3910.27,3910.27,Tomas Kowalski,Salary January
99,4462ebfc-5f91-4ef0-9cfb-ac6e7687a66e,b95c304905a2849e,BOOKED,2024-01-28,2024-01-30,IN,EUR,7784.44,7784.44,Tomas Jansen,Donation to charity
100,4462ebfc-5f91-4ef0-9cfb-ac6e7687a66e,7553700df3129417,BOOKED,2024-01-30,2024-01-31,OUT,EUR,-2522.21,2522.21,Mart Mets,Salary January
101,4462ebfc-5f91-4ef0-9cfb-ac6e7687a66e,ad8e7b697941bdb7,BOOKED,2024-01-30,2024-01-31,IN,EUR,775.65,775.65,Henrik Oja,Utility bill January
102,4462ebfc-5f91-4ef0-9cfb-ac6e7687a66e,10077d400d27f0c4,PENDING,,2024-02-01,IN,EUR,7469.56,7469.56,Laura Lepp,Online purchase 6UDVGCEG
103,4462ebfc-5f91-4ef0-9cfb-ac6e7687a66e,29dd7de8ac0ac4b8,BOOKED,2024-01-31,2024-02-01,IN,EUR,2581.6,2581.6,Elena Nilsson,Salary February
104,4462ebfc-5f91-4ef0-9cfb-ac6e7687a66e,0c5442f5e6e263e9,BOOKED,2024-02-02,2024-02-02,IN,EUR,7146.32,7146.32,Elena Kowalski,Salary February
105,4462ebfc-5f91-4ef0-9cfb-ac6e7687a66e,4402a8a6bdcd6c6b,BOOKED,2024-02-01,2024-02-02,IN,EUR,26.67,26.67,Katrin Smith,Invoice U7X4JNVT
106,4462ebfc-5f91-4ef0-9cfb-ac6e7687a66e,4bb048d6ee5ac44d,BOOKED,2024-02-01,2024-02-02,OUT,EUR,-4360.23,4360.23,Julia Kowalski,Transfer to savings
107,4462ebfc-5f91-4ef0-9cfb-ac6e7687a66e,d1a24e96e9d39fba,BOOKED,2024-02-01,2024-02-02,IN,EUR,1749.84,1749.84,Anna Smith,Service fee
108,4462ebfc-5f91-4ef0-9cfb-ac6e7687a66e,e2effd4052b08913,BOOKED,2024-02-02,2024-02-02,OUT,EUR,-6064.35,6064.35,Elena Jansen,Rent payment February
109,4462ebfc-5f91-4ef0-9cfb-ac6e7687a66e,c1e5bd79aa793673,BOOKED,2024-02-02,2024-02-03,IN,EUR,6475.22,6475.22,Mart Rossi,Grocery store purchase
110,4462ebfc-5f91-4ef0-9cfb-ac6e7687a66e,da5d1d386312c77d,BOOKED,2024-02-01,2024-02-03,OUT,EUR,-1675.38,1675.38,Clara Kask,Rent payment February
111,4462ebfc-5f91-4ef0-9cfb-ac6e7687a66e,2eaaa370cf57b3b7,PENDING,,2024-02-04,IN,EUR,8321.14,8321.14,Stefan Berg,Freelance payment 1DZ0IRKG
112,4462ebfc-5f91-4ef0-9cfb-ac6e7687a66e,492663f9f252e17c,PENDING,,2024-02-04,IN,EUR,8968.9,8968.9,Mart Saar,Subscription renewal
113,4462ebfc-5f91-4ef0-9cfb-ac6e7687a66e,b811487fc719a21b,BOOKED,2024-02-03,2024-02-04,OUT,EUR,-6314.92,6314.92,Clara Tamm,Salary February
114,4462ebfc-5f91-4ef0-9cfb-ac6e7687a66e,083733e6515a1118,BOOKED,2024-02-04,2024-02-05,OUT,EUR,-2134.02,2134.02,Andres Jansen,Freelance payment H2HPMZH7
115,4462ebfc-5f91-4ef0-9cfb-ac6e7687a66e,a221c9cb4c936ec0,BOOKED,2024-02-05,2024-02-05,IN,EUR,6077.42,6077.42,Ingrid Mets,Tax payment J4TY23DI
116,4462ebfc-5f91-4ef0-9cfb-ac6e7687a66e,df8aaaff98aff8ce,BOOKED,2024-02-03,2024-02-05,OUT,EUR,-5742,5742,Sophie Berg,Salary February
117,4462ebfc-5f91-4ef0-9cfb-ac6e7687a66e,5b4508be80e15370,BOOKED,2024-02-04,2024-02-06,OUT,EUR,-6444.69,6444.69,Luca Kowalski,Loan repayment February
118,4462ebfc-5f91-4ef0-9cfb-ac6e7687a66e,67859d9031f8ec42,BOOKED,2024-02-04,2024-02-06,IN,EUR,6217.27,6217.27,Julia Lepp,Donation to charity
119,4462ebfc-5f91-4ef0-9cfb-ac6e7687a66e,67ace64a0258ade7,BOOKED,2024-02-06,2024-02-06,OUT,EUR,-6794.97,6794.97,Marie Nilsson,Transfer to savings
120,4462ebfc-5f91-4ef0-9cfb-ac6e7687a66e,a6a460a22e9c091b,BOOKED,2024-02-05,2024-02-06,OUT,EUR,-2940.38,2940.38,Liisa Berg,Rent payment February
121,4462ebfc-5f91-4ef0-9cfb-ac6e7687a66e,ea1c7ae6dd85e3d6,BOOKED,2024-02-05,2024-02-06,OUT,EUR,-7740.63,7740.63,Laura Mueller,Online purchase 3LU7Y0UW
122,4462ebfc-5f91-4ef0-9cfb-ac6e7687a66e,98f315b7615f17f5,BOOKED,2024-02-07,2024-02-07,IN,EUR,2232.92,2232.92,Tomas Mueller,Freelance payment 45L36MEC
123,4462ebfc-5f91-4ef0-9cfb-ac6e7687a66e,d30a5bc0eecbad93,BOOKED,2024-02-06,2024-02-07,IN,EUR,2120.75,2120.75,Laura Tamm,Tax payment 79YQ65N4
124,4462ebfc-5f91-4ef0-9cfb-ac6e7687a66e,e2f49cc9632c4958,BOOKED,2024-02-07,2024-02-07,OUT,EUR,-3336.95,3336.95,Stefan Jansen,Grocery store purchase
125,4462ebfc-5f91-4ef0-9cfb-ac6e7687a66e,03850d3e66977b00,PENDING,,2024-02-08,OUT,EUR,-8409.54,8409.54,Andres Paju,Freelance payment Q8EO6E0A
126,4462ebfc-5f91-4ef0-9cfb-ac6e7687a66e,745cb075d4973035,BOOKED,2024-02-08,2024-02-08,OUT,EUR,-3384.25,3384.25,Liisa Lepp,Invoice 0JISQGN1
127,4462ebfc-5f91-4ef0-9cfb-ac6e7687a66e,1884a9a0d95f5abd,BOOKED,2024-02-08,2024-02-09,IN,EUR,4540.85,4540.85,Clara Kask,Refund order 14T90XQ7
128,4462ebfc-5f91-4ef0-9cfb-ac6e7687a66e,8f29929693c21f92,BOOKED,2024-02-07,2024-02-09,OUT,EUR,-8.59,8.59,Mart Smith,Rent payment February
129,4462ebfc-5f91-4ef0-9cfb-ac6e7687a66e,a1f837e2743e221f,BOOKED,2024-02-10,2024-02-10,OUT,EUR,-794.18,794.18,Clara Jansen,Salary February
130,4462ebfc-5f91-4ef0-9cfb-ac6e7687a66e,c9655406d11a1ebe,BOOKED,2024-02-09,2024-02-10,OUT,EUR,-3632.8,3632.8,Sophie Kask,Refund order 0XCQSTI4
131,4462ebfc-5f91-4ef0-9cfb-ac6e7687a66e,f34c844927ae5005,PENDING,,2024-02-10,IN,EUR,8432.64,8432.64,Jan Saar,Grocery store purchase
132,4462ebfc-5f91-4ef0-9cfb-ac6e7687a66e,f353493b59524776,BOOKED,2024-02-10,2024-02-10,OUT,EUR,-6969.5,6969.5,Henrik Kask,Utility bill February
133,4462ebfc-5f91-4ef0-9cfb-ac6e7687a66e,2ff39bca0f385634,BOOKED,2024-02-09,2024-02-11,OUT,EUR,-6736.15,6736.15,Emma Kask,Freelance payment HHP4JH4U
134,4462ebfc-5f91-4ef0-9cfb-ac6e7687a66e,73b07e1dc0bb1c03,BOOKED,2024-02-10,2024-02-11,IN,EUR,3620.81,3620.81,Julia Nilsson,Salary February
135,4462ebfc-5f91-4ef0-9cfb-ac6e7687a66e,9ae98cca29a859f4,BOOKED,2024-02-10,2024-02-11,OUT,EUR,-7473.57,7473.57,Andres Dubois,Transfer to savings
136,4462ebfc-5f91-4ef0-9cfb-ac6e7687a66e,fcab70bc0962d04e,BOOKED,2024-02-10,2024-02-11,IN,EUR,1526.28,1526.28,Mart Tamm,Rent payment February
137,4462ebfc-5f91-4ef0-9cfb-ac6e7687a66e,058c6a0fc6f9b28d,BOOKED,2024-02-13,2024-02-13,IN,EUR,7915.39,7915.39,Henrik Kuusk,Transfer to savings
138,4462ebfc-5f91-4ef0-9cfb-ac6e7687a66e,001dc35d4f177b2c,BOOKED,2024-02-14,2024-02-14,IN,EUR,8813.51,8813.51,Henrik Kask,Subscription renewal
139,4462ebfc-5f91-4ef0-9cfb-ac6e7687a66e,006f9ac6113ecb0c,PENDING,,2024-02-14,IN,EUR,6708.54,6708.54,Felix Paju,Transfer to savings
140,4462ebfc-5f91-4ef0-9cfb-ac6e7687a66e,3aba10b9c52873ca,BOOKED,2024-02-13,2024-02-14,IN,EUR,1747.34,1747.34,Sophie Kask,Insurance premium Q1
141,4462ebfc-5f91-4ef0-9cfb-ac6e7687a66e,41120c044e3b01f3,BOOKED,2024-02-13,2024-02-14,OUT,EUR,-9866.14,9866.14,Olivia Lepp,Invoice 3QEATK4A
142,4462ebfc-5f91-4ef0-9cfb-ac6e7687a66e,eb1bfe35583c8a09,BOOKED,2024-02-12,2024-02-14,IN,EUR,8532.63,8532.63,Viktor Nilsson,Loan repayment February
143,4462ebfc-5f91-4ef0-9cfb-ac6e7687a66e,81cc699d9c44f93f,BOOKED,2024-02-15,2024-02-15,OUT,EUR,-7539.86,7539.86,Felix Nilsson,Service fee
144,4462ebfc-5f91-4ef0-9cfb-ac6e7687a66e,97f2deb20d03de3d,PENDING,,2024-02-15,IN,EUR,3599.09,3599.09,Luca Mets,Tax payment AY1ZO32Q
145,4462ebfc-5f91-4ef0-9cfb-ac6e7687a66e,34550c4f1cef214c,BOOKED,2024-02-14,2024-02-16,IN,EUR,902.66,902.66,Clara Nilsson,Invoice AJTS5NTA
146,4462ebfc-5f91-4ef0-9cfb-ac6e7687a66e,77cd1be4ef6fc601,BOOKED,2024-02-14,2024-02-16,IN,EUR,3744.04,3744.04,Ingrid Smith,Loan repayment February
147,4462ebfc-5f91-4ef0-9cfb-ac6e7687a66e,86332ab9c0779b54,PENDING,,2024-02-16,OUT,EUR,-8894.65,8894.65,Tomas Kowalski,Invoice WG0C61FD
148,4462ebfc-5f91-4ef0-9cfb-ac6e7687a66e,eb8175e2971ae1cd,BOOKED,2024-02-14,2024-02-16,OUT,EUR,-612.35,612.35,Olivia Kowalski,Invoice 2VLJTYJ5
149,4462ebfc-5f91-4ef0-9cfb-ac6e7687a66e,9f7ee8f12b163487,BOOKED,2024-02-16,2024-02-17,OUT,EUR,-9721.59,9721.59,Liisa Nilsson,Subscription renewal
150,4462ebfc-5f91-4ef0-9cfb-ac6e7687a66e,c7ac4ca61e6fc105,BOOKED,2024-02-15,2024-02-17,OUT,EUR,-5802.42,5802.42,Elena Oja,Grocery store purchase
151,4462ebfc-5f91-4ef0-9cfb-ac6e7687a66e,53d2d481cea292b2,BOOKED,2024-02-18,2024-02-18,IN,EUR,5974.78,5974.78,Anna Kuusk,Grocery store purchase
152,4462ebfc-5f91-4ef0-9cfb-ac6e7687a66e,b1db63c2713da606,BOOKED,2024-02-17,2024-02-18,OUT,EUR,-391.61,391.61,Felix Jansen,Service fee
153,4462ebfc-5f91-4ef0-9cfb-ac6e7687a66e,4fefef5058772239,BOOKED,2024-02-18,2024-02-19,IN,EUR,7374.72,7374.72,Laura Dubois,Subscription renewal
154,4462ebfc-5f91-4ef0-9cfb-ac6e7687a66e,74ff2042a547908d,BOOKED,2024-02-19,2024-02-19,IN,EUR,2762.95,2762.95,Elena Smith,Salary February
155,4462ebfc-5f91-4ef0-9cfb-ac6e7687a66e,b2e9b4562dec07d7,BOOKED,2024-02-17,2024-02-19,IN,EUR,6866,6866,Anna Paju,Service fee
156,4462ebfc-5f91-4ef0-9cfb-ac6e7687a66e,c725acbbf2ce856e,BOOKED,2024-02-18,2024-02-19,OUT,EUR,-3004.76,3004.76,Sophie Jansen,Subscription renewal
157,4462ebfc-5f91-4ef0-9cfb-ac6e7687a66e,09dc316ebe781dfd,BOOKED,2024-02-18,2024-02-20,IN,EUR,6439.14,6439.14,Viktor Dubois,Subscription renewal
158,4462ebfc-5f91-4ef0-9cfb-ac6e7687a66e,54bfef9efda11f64,BOOKED,2024-02-20,2024-02-20,OUT,EUR,-3881.65,3881.65,Viktor Tamm,Insurance premium Q1
159,4462ebfc-5f91-4ef0-9cfb-ac6e7687a66e,7e00f8f209b9a6fc,PENDING,,2024-02-20,OUT,EUR,-7254.43,7254.43,Peeter Kowalski,Utility bill February
160,4462ebfc-5f91-4ef0-9cfb-ac6e7687a66e,55bdc670a6738c7c,PENDING,,2024-02-21,IN,EUR,3739.89,3739.89,Clara Saar,Service fee
161,4462ebfc-5f91-4ef0-9cfb-ac6e7687a66e,fabcc288a00edcc5,BOOKED,2024-02-20,2024-02-21,OUT,EUR,-4473.15,4473.15,Carlos Dubois,Tax payment 7RUWOIWV
162,4462ebfc-5f91-4ef0-9cfb-ac6e7687a66e,1d626cdd155502c0,BOOKED,2024-02-22,2024-02-22,IN,EUR,1743.31,1743.31,Julia Jansen,Subscription renewal
163,4462ebfc-5f91-4ef0-9cfb-ac6e7687a66e,265b22e7391fb160,BOOKED,2024-02-20,2024-02-22,OUT,EUR,-75.51,75.51,Liisa Jansen,Service fee
164,4462ebfc-5f91-4ef0-9cfb-ac6e7687a66e,66752243bb5899b5,BOOKED,2024-02-21,2024-02-22,OUT,EUR,-1050.24,1050.24,Stefan Nilsson,Tax payment 3X1BS8GQ
165,4462ebfc-5f91-4ef0-9cfb-ac6e7687a66e,e8c549b2cad0716e,BOOKED,2024-02-22,2024-02-22,IN,EUR,8033.84,8033.84,Markus Nilsson,Service fee
166,4462ebfc-5f91-4ef0-9cfb-ac6e7687a66e,437e759d2b62fdc2,BOOKED,2024-02-21,2024-02-23,IN,EUR,3128.94,3128.94,Anna Saar,Rent payment February
167,4462ebfc-5f91-4ef0-9cfb-ac6e7687a66e,c4600f204fef8759,BOOKED,2024-02-24,2024-02-24,OUT,EUR,-4639.61,4639.61,Liisa Dubois,Online purchase C6SW1A0M
168,4462ebfc-5f91-4ef0-9cfb-ac6e7687a66e,d8077fdf2c089b28,BOOKED,2024-02-22,2024-02-24,IN,EUR,7336.15,7336.15,Stefan Rossi,Utility bill February
169,4462ebfc-5f91-4ef0-9cfb-ac6e7687a66e,5ac5374a093ca87a,BOOKED,2024-02-25,2024-02-25,OUT,EUR,-9780.72,9780.72,Felix Lepp,Subscription renewal
170,4462ebfc-5f91-4ef0-9cfb-ac6e7687a66e,a10b857245eb4ad1,BOOKED,2024-02-25,2024-02-25,IN,EUR,9567.77,9567.77,Marie Dubois,Grocery store purchase
171,4462ebfc-5f91-4ef0-9cfb-ac6e7687a66e,b431bba65c616534,BOOKED,2024-02-24,2024-02-25,IN,EUR,3874.67,3874.67,Andres Paju,Grocery store purchase
172,4462ebfc-5f91-4ef0-9cfb-ac6e7687a66e,296798223883d4f1,BOOKED,2024-02-26,2024-02-26,IN,EUR,3906.41,3906.41,Felix Berg,Transfer to savings
173,4462ebfc-5f91-4ef0-9cfb-ac6e7687a66e,331b7c91297dc357,BOOKED,2024-02-24,2024-02-26,IN,EUR,4360.97,4360.97,Peeter Paju,Rent payment February
174,4462ebfc-5f91-4ef0-9cfb-ac6e7687a66e,489590657cd55fb7,BOOKED,2024-02-26,2024-02-26,IN,EUR,8247.59,8247.59,Tomas Dubois,Invoice Z1U9AC7C
175,4462ebfc-5f91-4ef0-9cfb-ac6e7687a66e,88f3898878074c21,BOOKED,2024-02-26,2024-02-26,IN,EUR,1248.47,1248.47,Felix Kuusk,Refund order 41BIOPLM
176,4462ebfc-5f91-4ef0-9cfb-ac6e7687a66e,d2556dcee9ae2b98,BOOKED,2024-02-24,2024-02-26,OUT,EUR,-8866.02,8866.02,Anna Smith,Freelance payment Y2COSM40
177,4462ebfc-5f91-4ef0-9cfb-ac6e7687a66e,a7fe467f6fbec6fe,BOOKED,2024-02-25,2024-02-27,IN,EUR,4880.35,4880.35,Viktor Lepp,Rent payment February
178,4462ebfc-5f91-4ef0-9cfb-ac6e7687a66e,c45783109dd9dc6a,BOOKED,2024-02-27,2024-02-27,IN,EUR,4458.29,4458.29,Katrin Nilsson,Tax payment AGNXRP54
179,4462ebfc-5f91-4ef0-9cfb-ac6e7687a66e,e08089956408ac2d,BOOKED,2024-02-27,2024-02-27,IN,EUR,9965.69,9965.69,Julia Kowalski,Invoice MLX6SGUW
180,4462ebfc-5f91-4ef0-9cfb-ac6e7687a66e,6c00ba7bea7e03a6,BOOKED,2024-02-26,2024-02-28,OUT,EUR,-346.22,346.22,Marie Paju,Service fee
181,4462ebfc-5f91-4ef0-9cfb-ac6e7687a66e,8c884cc78d2d7270,BOOKED,2024-02-27,2024-02-28,OUT,EUR,-3605.72,3605.72,Tomas Tamm,Rent payment February
182,4462ebfc-5f91-4ef0-9cfb-ac6e7687a66e,adf05462abc73a7f,BOOKED,2024-02-26,2024-02-28,OUT,EUR,-7971.6,7971.6,Elena Tamm,Service fee
183,4462ebfc-5f91-4ef0-9cfb-ac6e7687a66e,cd90b833afde3152,BOOKED,2024-02-28,2024-02-28,OUT,EUR,-3365.8,3365.8,Anna Oja,Tax payment TAPC3GPO
184,4462ebfc-5f91-4ef0-9cfb-ac6e7687a66e,2140fa659df7ccd4,BOOKED,2024-03-01,2024-03-01,IN,EUR,4225.35,4225.35,Katrin Saar,Refund order UW1GPF6W
185,4462ebfc-5f91-4ef0-9cfb-ac6e7687a66e,2b1b921140c67a43,PENDING,,2024-03-01,IN,EUR,5678.28,5678.28,Julia Mueller,Freelance payment 4FVOLWQ4
186,4462ebfc-5f91-4ef0-9cfb-ac6e7687a66e,59aa1bd2fd0f0d57,BOOKED,2024-03-01,2024-03-01,OUT,EUR,-3543.39,3543.39,Felix Nilsson,Freelance payment D182YQJR
187,4462ebfc-5f91-4ef0-9cfb-ac6e7687a66e,5e24566536c231f8,BOOKED,2024-03-01,2024-03-01,OUT,EUR,-8649.82,8649.82,Jan Mueller,Invoice R8SBBBSP
188,4462ebfc-5f91-4ef0-9cfb-ac6e7687a66e,81d1953a3e6cde6a,BOOKED,2024-02-29,2024-03-01,IN,EUR,4356.89,4356.89,Peeter Dubois,Tax payment B4LJJZ8D
189,4462ebfc-5f91-4ef0-9cfb-ac6e7687a66e,9928e023a62debeb,BOOKED,2024-02-29,2024-03-01,OUT,EUR,-1688.22,1688.22,Andres Kask,Refund order EHHMRKM2
190,4462ebfc-5f91-4ef0-9cfb-ac6e7687a66e,af61c9659f82d9c3,PENDING,,2024-03-01,OUT,EUR,-4241.17,4241.17,Markus Kask,Refund order BVACO0FL
191,4462ebfc-5f91-4ef0-9cfb-ac6e7687a66e,e9684d2ef83fe12b,BOOKED,2024-02-28,2024-03-01,OUT,EUR,-4820.97,4820.97,Julia Rossi,Insurance premium Q1
192,4462ebfc-5f91-4ef0-9cfb-ac6e7687a66e,ff0f7bb65442c994,BOOKED,2024-02-29,2024-03-01,IN,EUR,1933.74,1933.74,Clara Lepp,Subscription renewal
193,4462ebfc-5f91-4ef0-9cfb-ac6e7687a66e,707bea666fb6db25,PENDING,,2024-03-02,OUT,EUR,-8759.16,8759.16,Anna Kowalski,Donation to charity
194,4462ebfc-5f91-4ef0-9cfb-ac6e7687a66e,a96a5569e360d07a,BOOKED,2024-03-01,2024-03-02,OUT,EUR,-459.38,459.38,Ingrid Kowalski,Tax payment IHAXORF2
195,4462ebfc-5f91-4ef0-9cfb-ac6e7687a66e,9b8ea8c32d1d8433,BOOKED,2024-03-02,2024-03-03,OUT,EUR,-5583.11,5583.11,Jan Kask,Utility bill March
196,4462ebfc-5f91-4ef0-9cfb-ac6e7687a66e,14a5156718e2e0aa,BOOKED,2024-03-02,2024-03-04,IN,EUR,1159.9,1159.9,Anna Berg,Grocery store purchase
197,4462ebfc-5f91-4ef0-9cfb-ac6e7687a66e,c9e5d85d5dc7a66d,BOOKED,2024-03-03,2024-03-04,OUT,EUR,-8962.15,8962.15,Stefan Mets,Invoice QP6W9RYC
198,4462ebfc-5f91-4ef0-9cfb-ac6e7687a66e,10bbbf7bba927fcd,PENDING,,2024-03-05,IN,EUR,2631.65,2631.65,Viktor Oja,Tax payment 0KSP6O7C
199,4462ebfc-5f91-4ef0-9cfb-ac6e7687a66e,513be4ba200dd268,PENDING,,2024-03-05,OUT,EUR,-5247.01,5247.01,Markus Tamm,Rent payment March
200,4462ebfc-5f91-4ef0-9cfb-ac6e7687a66e,5d30390d9bd94690,BOOKED,2024-03-04,2024-03-05,OUT,EUR,-7058.34,7058.34,Henrik Mueller,Invoice Y7NHBQ8C
201,4462ebfc-5f91-4ef0-9cfb-ac6e7687a66e,0b924f44020bd427,BOOKED,2024-03-06,2024-03-06,IN,EUR,4576.76,4576.76,Andres Kuusk,Service fee
202,4462ebfc-5f91-4ef0-9cfb-ac6e7687a66e,11d26ce224c43c2e,BOOKED,2024-03-06,2024-03-06,IN,EUR,9819.07,9819.07,Julia Smith,Salary March
203,4462ebfc-5f91-4ef0-9cfb-ac6e7687a66e,6c83a290acf33375,BOOKED,2024-03-05,2024-03-06,OUT,EUR,-5113.09,5113.09,Peeter Tamm,Utility bill March
204,4462ebfc-5f91-4ef0-9cfb-ac6e7687a66e,a9d6871ce9658826,BOOKED,2024-03-05,2024-03-06,IN,EUR,7753.51,7753.51,Laura Tamm,Service fee
205,4462ebfc-5f91-4ef0-9cfb-ac6e7687a66e,b4fa93f0a3c4426a,BOOKED,2024-03-06,2024-03-06,IN,EUR,3042.96,3042.96,Felix Rossi,Salary March
206,4462ebfc-5f91-4ef0-9cfb-ac6e7687a66e,5e2147dc0a2a637b,BOOKED,2024-03-06,2024-03-07,OUT,EUR,-8899.18,8899.18,Mart Tamm,Refund order HD71O2GQ
207,4462ebfc-5f91-4ef0-9cfb-ac6e7687a66e,a7a088031ebfab95,BOOKED,2024-03-06,2024-03-07,IN,EUR,9323.24,9323.24,Ingrid Smith,Online purchase 8ZCFZMSR
208,4462ebfc-5f91-4ef0-9cfb-ac6e7687a66e,d14ee99e5304def9,BOOKED,2024-03-06,2024-03-07,IN,EUR,4953.96,4953.96,Olivia Kowalski,Insurance premium Q1
209,4462ebfc-5f91-4ef0-9cfb-ac6e7687a66e,0b1510bd2514007c,PENDING,,2024-03-08,OUT,EUR,-8873.46,8873.46,Peeter Saar,Refund order Y4OX3H2B
210,4462ebfc-5f91-4ef0-9cfb-ac6e7687a66e,1320b385ec216e5f,BOOKED,2024-03-06,2024-03-08,IN,EUR,6488.75,6488.75,Anna Kuusk,Donation to charity
211,4462ebfc-5f91-4ef0-9cfb-ac6e7687a66e,4062fdeabd4c8c73,BOOKED,2024-03-07,2024-03-08,IN,EUR,7615.9,7615.9,Stefan Mueller,Refund order QK8YN4JN
212,4462ebfc-5f91-4ef0-9cfb-ac6e7687a66e,2dd62160c8550bd6,BOOKED,2024-03-09,2024-03-09,OUT,EUR,-4587.91,4587.91,Henrik Paju,Transfer to savings
213,4462ebfc-5f91-4ef0-9cfb-ac6e7687a66e,9425e2bcba6ead4d,PENDING,,2024-03-09,OUT,EUR,-4127.68,4127.68,Sophie Saar,Salary March
214,4462ebfc-5f91-4ef0-9cfb-ac6e7687a66e,c4d484b445c69e70,BOOKED,2024-03-08,2024-03-09,IN,EUR,4361.37,4361.37,Julia Kuusk,Transfer to savings
215,4462ebfc-5f91-4ef0-9cfb-ac6e7687a66e,efc9c64bc8fa406f,BOOKED,2024-03-08,2024-03-09,OUT,EUR,-7968.67,7968.67,Katrin Mets,Transfer to savings
216,4462ebfc-5f91-4ef0-9cfb-ac6e7687a66e,1ac1a624edc9e874,PENDING,,2024-03-10,OUT,EUR,-7653.74,7653.74,Stefan Nilsson,Invoice 0WHPOE78
217,4462ebfc-5f91-4ef0-9cfb-ac6e7687a66e,bc83a8336b633f92,BOOKED,2024-03-10,2024-03-10,OUT,EUR,-1018.89,1018.89,Clara Kask,Grocery store purchase
218,4462ebfc-5f91-4ef0-9cfb-ac6e7687a66e,02a5ee4974a9f040,BOOKED,2024-03-09,2024-03-11,IN,EUR,5258.25,5258.25,Laura Smith,Tax payment PJGASO3X
219,4462ebfc-5f91-4ef0-9cfb-ac6e7687a66e,0ed00d99b37337c8,BOOKED,2024-03-11,2024-03-11,OUT,EUR,-3117.18,3117.18,Stefan Mueller,Grocery store purchase
220,4462ebfc-5f91-4ef0-9cfb-ac6e7687a66e,60413e4c62754847,PENDING,,2024-03-11,OUT,EUR,-3736.73,3736.73,Andres Kask,Salary March
221,4462ebfc-5f91-4ef0-9cfb-ac6e7687a66e,75a98707634abd90,BOOKED,2024-03-09,2024-03-11,IN,EUR,8335.38,8335.38,Elena Mueller,Insurance premium Q1
222,4462ebfc-5f91-4ef0-9cfb-ac6e7687a66e,8aecc239397b906e,PENDING,,2024-03-11,OUT,EUR,-8409.27,8409.27,Ingrid Paju,Salary March
223,4462ebfc-5f91-4ef0-9cfb-ac6e7687a66e,ac2030d0b41d1e7b,BOOKED,2024-03-09,2024-03-11,IN,EUR,533.96,533.96,Luca Berg,Online purchase T6XMBMJL
224,4462ebfc-5f91-4ef0-9cfb-ac6e7687a66e,38627b4ffdc2dc3f,BOOKED,2024-03-11,2024-03-12,IN,EUR,1843.46,1843.46,Andres Dubois,Insurance premium Q1
225,4462ebfc-5f91-4ef0-9cfb-ac6e7687a66e,a591268a0bf3b6f0,BOOKED,2024-03-10,2024-03-12,IN,EUR,3151.13,3151.13,Katrin Rossi,Service fee
226,4462ebfc-5f91-4ef0-9cfb-ac6e7687a66e,bef3c8e1f12510bb,BOOKED,2024-03-10,2024-03-12,IN,EUR,2672.23,2672.23,Olivia Berg,Online purchase USD9JJF3
227,4462ebfc-5f91-4ef0-9cfb-ac6e7687a66e,f083ddf304455919,BOOKED,2024-03-10,2024-03-12,IN,EUR,7521.4,7521.4,Stefan Dubois,Service fee
228,4462ebfc-5f91-4ef0-9cfb-ac6e7687a66e,11d6d49dd1fc15ab,BOOKED,2024-03-12,2024-03-13,IN,EUR,811.8,811.8,Olivia Smith,Service fee
229,4462ebfc-5f91-4ef0-9cfb-ac6e7687a66e,731bcf53a55c940c,BOOKED,2024-03-12,2024-03-13,IN,EUR,1159.49,1159.49,Stefan Tamm,Rent payment March
230,4462ebfc-5f91-4ef0-9cfb-ac6e7687a66e,75d8b3e6d8f78761,BOOKED,2024-03-13,2024-03-13,IN,EUR,3251.22,3251.22,Carlos Dubois,Online purchase OTF5GQZD
231,4462ebfc-5f91-4ef0-9cfb-ac6e7687a66e,b56fe7a01b9a82d2,BOOKED,2024-03-13,2024-03-13,OUT,EUR,-5420.1,5420.1,Peeter Dubois,Service fee
232,4462ebfc-5f91-4ef0-9cfb-ac6e7687a66e,d4006dabf3faa055,PENDING,,2024-03-13,OUT,EUR,-1860.04,1860.04,Emma Berg,Tax payment CVKOFOS7
233,4462ebfc-5f91-4ef0-9cfb-ac6e7687a66e,efc343c2df4086a3,PENDING,,2024-03-13,OUT,EUR,-5557.58,5557.58,Jan Kuusk,Salary March
234,4462ebfc-5f91-4ef0-9cfb-ac6e7687a66e,f5b0acb4b9e949b6,BOOKED,2024-03-12,2024-03-13,IN,EUR,4708.42,4708.42,Luca Kowalski,Donation to charity
235,4462ebfc-5f91-4ef0-9cfb-ac6e7687a66e,08669ed69c6d5fd9,BOOKED,2024-03-15,2024-03-16,OUT,EUR,-8690.35,8690.35,Liisa Saar,Rent payment March
236,4462ebfc-5f91-4ef0-9cfb-ac6e7687a66e,76b3b9946b66c782,BOOKED,2024-03-16,2024-03-16,IN,EUR,5783.12,5783.12,Luca Mets,Invoice J8FUZZ47
237,4462ebfc-5f91-4ef0-9cfb-ac6e7687a66e,7943bc72b13c2033,BOOKED,2024-03-16,2024-03-16,OUT,EUR,-197.6,197.6,Emma Mueller,Online purchase Z8FT6CXR
238,4462ebfc-5f91-4ef0-9cfb-ac6e7687a66e,d31c31a7f93375d6,PENDING,,2024-03-16,OUT,EUR,-4579.66,4579.66,Julia Berg,Online purchase LYUJZSVW
239,4462ebfc-5f91-4ef0-9cfb-ac6e7687a66e,243d45c8cfc96696,BOOKED,2024-03-16,2024-03-17,OUT,EUR,-1982.74,1982.74,Liisa Smith,Subscription renewal
240,4462ebfc-5f91-4ef0-9cfb-ac6e7687a66e,93534056e96e14fa,BOOKED,2024-03-18,2024-03-19,OUT,EUR,-7728.08,7728.08,Liisa Saar,Invoice 2MZGB6T3
241,4462ebfc-5f91-4ef0-9cfb-ac6e7687a66e,a986c46fabbcac69,BOOKED,2024-03-19,2024-03-19,OUT,EUR,-5393.68,5393.68,Jan Tamm,Service fee
242,4462ebfc-5f91-4ef0-9cfb-ac6e7687a66e,da30fd6a8ae1f7c2,BOOKED,2024-03-17,2024-03-19,OUT,EUR,-5374.08,5374.08,Anna Kask,Invoice 8KIW3CG7
243,4462ebfc-5f91-4ef0-9cfb-ac6e7687a66e,e0743d42058b806f,PENDING,,2024-03-19,IN,EUR,6602.09,6602.09,Henrik Smith,Freelance payment Z85TEJFG
244,4462ebfc-5f91-4ef0-9cfb-ac6e7687a66e,e4a34e8ee3d0e718,PENDING,,2024-03-19,IN,EUR,3851.6,3851.6,Felix Saar,Tax payment 3QSE5TPS
245,4462ebfc-5f91-4ef0-9cfb-ac6e7687a66e,b9d433840bdc2c1b,PENDING,,2024-03-21,OUT,EUR,-717.24,717.24,Tomas Smith,Refund order C9HIYEDP
246,4462ebfc-5f91-4ef0-9cfb-ac6e7687a66e,1edc4b358c200697,BOOKED,2024-03-20,2024-03-22,OUT,EUR,-725.13,725.13,Andres Mueller,Grocery store purchase
247,4462ebfc-5f91-4ef0-9cfb-ac6e7687a66e,32522d18ccbd197d,BOOKED,2024-03-22,2024-03-22,OUT,EUR,-2440.87,2440.87,Viktor Saar,Subscription renewal
248,4462ebfc-5f91-4ef0-9cfb-ac6e7687a66e,3c3211d3d37288e9,BOOKED,2024-03-20,2024-03-22,OUT,EUR,-4682.68,4682.68,Laura Mueller,Utility bill March
249,4462ebfc-5f91-4ef0-9cfb-ac6e7687a66e,559c54a263d15d6d,BOOKED,2024-03-22,2024-03-22,OUT,EUR,-4445.27,4445.27,Anna Lepp,Utility bill March
250,4462ebfc-5f91-4ef0-9cfb-ac6e7687a66e,a3e0fe2d3ae1d317,BOOKED,2024-03-22,2024-03-22,IN,EUR,1100.85,1100.85,Laura Berg,Grocery store purchase
251,4462ebfc-5f91-4ef0-9cfb-ac6e7687a66e,4ea4531c1744a8ab,BOOKED,2024-03-22,2024-03-23,IN,EUR,4469.81,4469.81,Julia Rossi,Invoice TMAJNKUY
252,4462ebfc-5f91-4ef0-9cfb-ac6e7687a66e,9a9a714990e40c8c,BOOKED,2024-03-22,2024-03-23,IN,EUR,3756.68,3756.68,Jan Tamm,Salary March
253,4462ebfc-5f91-4ef0-9cfb-ac6e7687a66e,a211ac2aa1f75a4a,BOOKED,2024-03-22,2024-03-23,IN,EUR,36.63,36.63,Felix Mets,Refund order GM5JXISZ
254,4462ebfc-5f91-4ef0-9cfb-ac6e7687a66e,a585f77ff1948cb6,BOOKED,2024-03-22,2024-03-24,IN,EUR,6479.03,6479.03,Andres Dubois,Subscription renewal
255,4462ebfc-5f91-4ef0-9cfb-ac6e7687a66e,cce3408804a81684,BOOKED,2024-03-24,2024-03-24,OUT,EUR,-9136.36,9136.36,Liisa Dubois,Subscription renewal
256,4462ebfc-5f91-4ef0-9cfb-ac6e7687a66e,2d3f6e4a8ce4bffe,BOOKED,2024-03-25,2024-03-25,OUT,EUR,-8833.84,8833.84,Marie Mets,Invoice 6ELVV4VD
257,4462ebfc-5f91-4ef0-9cfb-ac6e7687a66e,35b6308c0a2e90de,BOOKED,2024-03-25,2024-03-25,IN,EUR,2427.64,2427.64,Markus Tamm,Transfer to savings
258,4462ebfc-5f91-4ef0-9cfb-ac6e7687a66e,7215bdf860c31c89,PENDING,,2024-03-25,OUT,EUR,-9548.74,9548.74,Markus Berg,Utility bill March
259,4462ebfc-5f91-4ef0-9cfb-ac6e7687a66e,f3974c865081a4b5,BOOKED,2024-03-25,2024-03-25,IN,EUR,5169.15,5169.15,Luca Smith,Online purchase V90XNYDJ
260,4462ebfc-5f91-4ef0-9cfb-ac6e7687a66e,fab30378391f8924,BOOKED,2024-03-23,2024-03-25,IN,EUR,9280.24,9280.24,Henrik Kask,Transfer to savings
261,4462ebfc-5f91-4ef0-9cfb-ac6e7687a66e,7c943decb8c25467,BOOKED,2024-03-26,2024-03-26,OUT,EUR,-35.65,35.65,Viktor Smith,Rent payment March
262,4462ebfc-5f91-4ef0-9cfb-ac6e7687a66e,b49ce3c650ab0ae5,BOOKED,2024-03-24,2024-03-26,OUT,EUR,-5064.96,5064.96,Julia Mueller,Refund order FKJNFU9R
263,4462ebfc-5f91-4ef0-9cfb-ac6e7687a66e,dcf797e01b1c6d6e,BOOKED,2024-03-26,2024-03-26,IN,EUR,7511.21,7511.21,Tomas Rossi,Subscription renewal
264,4462ebfc-5f91-4ef0-9cfb-ac6e7687a66e,e9adb8cf4b0d9d74,BOOKED,2024-03-25,2024-03-26,IN,EUR,8504.21,8504.21,Andres Kask,Transfer to savings
265,4462ebfc-5f91-4ef0-9cfb-ac6e7687a66e,44d4ead5f9d23013,BOOKED,2024-03-25,2024-03-27,OUT,EUR,-6085.57,6085.57,Jan Berg,Freelance payment X5IL1VFQ
266,4462ebfc-5f91-4ef0-9cfb-ac6e7687a66e,c090dd0ab5bbe999,BOOKED,2024-03-27,2024-03-27,OUT,EUR,-9916.34,9916.34,Viktor Paju,Loan repayment March
267,4462ebfc-5f91-4ef0-9cfb-ac6e7687a66e,4ff48fc9cf3e9216,BOOKED,2024-03-26,2024-03-28,OUT,EUR,-294.71,294.71,Mart Smith,Freelance payment J80KEPFU
268,4462ebfc-5f91-4ef0-9cfb-ac6e7687a66e,a82921294ecfe177,BOOKED,2024-03-27,2024-03-28,OUT,EUR,-3471.96,3471.96,Stefan Lepp,Donation to charity
269,4462ebfc-5f91-4ef0-9cfb-ac6e7687a66e,b86ab9073aad6aa8,BOOKED,2024-03-26,2024-03-28,IN,EUR,2871.67,2871.67,Sophie Lepp,Invoice 3XEZ839F
270,4462ebfc-5f91-4ef0-9cfb-ac6e7687a66e,883c7958ce08d80d,BOOKED,2024-03-28,2024-03-29,OUT,EUR,-7944.76,7944.76,Mart Lepp,Donation to charity
271,4462ebfc-5f91-4ef0-9cfb-ac6e7687a66e,e9f7c78a403fea88,BOOKED,2024-03-28,2024-03-29,OUT,EUR,-1326.57,1326.57,Emma Lepp,Subscription renewal
272,4462ebfc-5f91-4ef0-9cfb-ac6e7687a66e,1cf5906eceb70c55,BOOKED,2024-03-30,2024-03-30,OUT,EUR,-3631.31,3631.31,Marie Rossi,Transfer to savings
273,4462ebfc-5f91-4ef0-9cfb-ac6e7687a66e,36e0a03db8198538,PENDING,,2024-03-30,IN,EUR,1543.42,1543.42,Tomas Smith,Refund order 18OR8QMC
274,4462ebfc-5f91-4ef0-9cfb-ac6e7687a66e,7d69c04bbf0dd5a5,BOOKED,2024-03-30,2024-03-30,OUT,EUR,-6959.09,6959.09,Elena Nilsson,Insurance premium Q1
275,4462ebfc-5f91-4ef0-9cfb-ac6e7687a66e,a6eea84fc6b470a5,BOOKED,2024-03-28,2024-03-30,IN,EUR,2408.55,2408.55,Jan Smith,Subscription renewal
276,4462ebfc-5f91-4ef0-9cfb-ac6e7687a66e,c2a86f68932eac4e,BOOKED,2024-03-30,2024-03-30,IN,EUR,3611.29,3611.29,Olivia Berg,Online purchase OPN2WIBC
277,4462ebfc-5f91-4ef0-9cfb-ac6e7687a66e,5377f5f80011ac16,BOOKED,2024-03-29,2024-03-31,IN,EUR,9860.82,9860.82,Andres Kowalski,Rent payment March
278,4462ebfc-5f91-4ef0-9cfb-ac6e7687a66e,8e4dbf427ba64b37,BOOKED,2024-03-31,2024-03-31,IN,EUR,6853.57,6853.57,Markus Jansen,Freelance payment 29H5JN1M
279,4462ebfc-5f91-4ef0-9cfb-ac6e7687a66e,9ad38c48222d7ed5,BOOKED,2024-04-01,2024-04-01,IN,EUR,71.53,71.53,Laura Smith,Utility bill April
280,4462ebfc-5f91-4ef0-9cfb-ac6e7687a66e,ba60b8204da192e2,BOOKED,2024-04-01,2024-04-01,OUT,EUR,-1001.2,1001.2,Andres Smith,Utility bill April
281,4462ebfc-5f91-4ef0-9cfb-ac6e7687a66e,de0116adc3b70030,BOOKED,2024-04-01,2024-04-01,OUT,EUR,-5516,5516,Felix Rossi,Loan repayment April
282,4462ebfc-5f91-4ef0-9cfb-ac6e7687a66e,340f3c66628f539d,BOOKED,2024-04-02,2024-04-02,OUT,EUR,-5429.23,5429.23,Katrin Berg,Invoice 41F0SDH5
283,4462ebfc-5f91-4ef0-9cfb-ac6e7687a66e,529e7f47499295e7,BOOKED,2024-04-01,2024-04-02,IN,EUR,1005.6,1005.6,Viktor Tamm,Loan repayment April
284,4462ebfc-5f91-4ef0-9cfb-ac6e7687a66e,a2a94fb4c060c135,BOOKED,2024-03-31,2024-04-02,IN,EUR,7649.98,7649.98,Elena Tamm,Rent payment April
285,4462ebfc-5f91-4ef0-9cfb-ac6e7687a66e,2d4b38ec5b1c0c9f,BOOKED,2024-04-01,2024-04-03,OUT,EUR,-9253.33,9253.33,Katrin Oja,Transfer to savings
286,4462ebfc-5f91-4ef0-9cfb-ac6e7687a66e,4b45a0f0bedb6445,BOOKED,2024-04-01,2024-04-03,IN,EUR,4788.55,4788.55,Anna Tamm,Refund order WW5D4IYS
287,4462ebfc-5f91-4ef0-9cfb-ac6e7687a66e,62e15b1753261337,BOOKED,2024-04-02,2024-04-03,IN,EUR,3271.77,3271.77,Markus Jansen,Salary April
288,4462ebfc-5f91-4ef0-9cfb-ac6e7687a66e,c8d45e76e8f70f76,PENDING,,2024-04-03,OUT,EUR,-836.4,836.4,Markus Nilsson,Invoice RUCX25Z9
289,4462ebfc-5f91-4ef0-9cfb-ac6e7687a66e,6b21b20e12f09d94,BOOKED,2024-04-03,2024-04-04,OUT,EUR,-7172.6,7172.6,Stefan Tamm,Refund order H2NML9XA
290,4462ebfc-5f91-4ef0-9cfb-ac6e7687a66e,6b9dde35eadb64bd,BOOKED,2024-04-04,2024-04-04,OUT,EUR,-1436.87,1436.87,Tomas Dubois,Rent payment April
291,4462ebfc-5f91-4ef0-9cfb-ac6e7687a66e,94457a7a7c533f9a,BOOKED,2024-04-04,2024-04-04,IN,EUR,8923.04,8923.04,Jan Saar,Donation to charity
292,4462ebfc-5f91-4ef0-9cfb-ac6e7687a66e,b015e8bd97c34b58,BOOKED,2024-04-02,2024-04-04,IN,EUR,4909.64,4909.64,Peeter Berg,Salary April
293,4462ebfc-5f91-4ef0-9cfb-ac6e7687a66e,0e05aef583e3b7af,BOOKED,2024-04-05,2024-04-05,OUT,EUR,-8695.34,8695.34,Stefan Dubois,Refund order 8QMI5S91
294,4462ebfc-5f91-4ef0-9cfb-ac6e7687a66e,966e1531605ec701,PENDING,,2024-04-05,OUT,EUR,-8831.75,8831.75,Elena Oja,Insurance premium Q2
295,4462ebfc-5f91-4ef0-9cfb-ac6e7687a66e,11fcdec03f8052c2,BOOKED,2024-04-05,2024-04-06,OUT,EUR,-7860.76,7860.76,Olivia Lepp,Online purchase 811YAP9Y
296,4462ebfc-5f91-4ef0-9cfb-ac6e7687a66e,291c02c6c8db8faf,BOOKED,2024-04-06,2024-04-06,IN,EUR,3130.83,3130.83,Andres Tamm,Tax payment D2IEU0JQ
297,4462ebfc-5f91-4ef0-9cfb-ac6e7687a66e,2ae32a44835bd8fc,BOOKED,2024-04-04,2024-04-06,OUT,EUR,-4583.9,4583.9,Carlos Rossi,Insurance premium Q2
298,4462ebfc-5f91-4ef0-9cfb-ac6e7687a66e,95dd1a907f4621d2,BOOKED,2024-04-07,2024-04-07,IN,EUR,2485,2485,Olivia Dubois,Subscription renewal
299,4462ebfc-5f91-4ef0-9cfb-ac6e7687a66e,a82468b405a5aad7,BOOKED,2024-04-05,2024-04-07,OUT,EUR,-506.5,506.5,Julia Saar,Service fee
300,4462ebfc-5f91-4ef0-9cfb-ac6e7687a66e,0cc6b04849d51efc,BOOKED,2024-04-07,2024-04-08,IN,EUR,7591.94,7591.94,Andres Mets,Tax payment M82UUZJV
301,4462ebfc-5f91-4ef0-9cfb-ac6e7687a66e,489e0fdfaf17cbc9,PENDING,,2024-04-08,OUT,EUR,-6990.17,6990.17,Andres Oja,Insurance premium Q2
302,4462ebfc-5f91-4ef0-9cfb-ac6e7687a66e,a25ea5510b7536c8,BOOKED,2024-04-06,2024-04-08,IN,EUR,8017.54,8017.54,Katrin Berg,Subscription renewal
303,4462ebfc-5f91-4ef0-9cfb-ac6e7687a66e,cc7247a97e9d2ec0,BOOKED,2024-04-08,2024-04-08,OUT,EUR,-5803.65,5803.65,Viktor Oja,Tax payment 06W1Z8XD
304,4462ebfc-5f91-4ef0-9cfb-ac6e7687a66e,e2c890676cd3dd2d,BOOKED,2024-04-07,2024-04-08,OUT,EUR,-3290.66,3290.66,Stefan Smith,Tax payment Y51QUQJJ
305,4462ebfc-5f91-4ef0-9cfb-ac6e7687a66e,13e1493aa8ccbb91,PENDING,,2024-04-09,IN,EUR,4502.01,4502.01,Andres Nilsson,Online purchase W4S2AWU4
306,4462ebfc-5f91-4ef0-9cfb-ac6e7687a66e,5e563878536f589d,BOOKED,2024-04-07,2024-04-09,OUT,EUR,-116.97,116.97,Markus Smith,Salary April
307,4462ebfc-5f91-4ef0-9cfb-ac6e7687a66e,ffbf431ad0a1660e,BOOKED,2024-04-07,2024-04-09,OUT,EUR,-6011.44,6011.44,Marie Kuusk,Invoice 7ROOZZNJ
308,4462ebfc-5f91-4ef0-9cfb-ac6e7687a66e,12dc7e1dd1aac4df,PENDING,,2024-04-10,OUT,EUR,-5952.45,5952.45,Henrik Rossi,Grocery store purchase
309,4462ebfc-5f91-4ef0-9cfb-ac6e7687a66e,368b2da79fbc8118,BOOKED,2024-04-09,2024-04-10,OUT,EUR,-2876.14,2876.14,Jan Kowalski,Loan repayment April
310,4462ebfc-5f91-4ef0-9cfb-ac6e7687a66e,d739b2af36c911de,BOOKED,2024-04-08,2024-04-10,IN,EUR,9894.85,9894.85,Elena Kowalski,Tax payment DOMAYOX3
311,4462ebfc-5f91-4ef0-9cfb-ac6e7687a66e,e8f0f538d2486d9b,BOOKED,2024-04-09,2024-04-10,OUT,EUR,-7046.07,7046.07,Tomas Tamm,Salary April
312,4462ebfc-5f91-4ef0-9cfb-ac6e7687a66e,43fb6580525b5628,BOOKED,2024-04-09,2024-04-11,IN,EUR,3790.06,3790.06,Stefan Nilsson,Refund order 0PI8ON4N
313,4462ebfc-5f91-4ef0-9cfb-ac6e7687a66e,52313d9f8de48002,BOOKED,2024-04-10,2024-04-11,OUT,EUR,-8715.02,8715.02,Jan Tamm,Subscription renewal
314,4462ebfc-5f91-4ef0-9cfb-ac6e7687a66e,7fa60529d40c71e7,PENDING,,2024-04-11,OUT,EUR,-7500.61,7500.61,Luca Paju,Grocery store purchase
315,4462ebfc-5f91-4ef0-9cfb-ac6e7687a66e,c178b8e167f00d22,BOOKED,2024-04-09,2024-04-11,OUT,EUR,-5815.02,5815.02,Ingrid Paju,Grocery store purchase
316,4462ebfc-5f91-4ef0-9cfb-ac6e7687a66e,36d674f0c2e42a1b,BOOKED,2024-04-11,2024-04-12,IN,EUR,4605.43,4605.43,Anna Kask,Insurance premium Q2
317,4462ebfc-5f91-4ef0-9cfb-ac6e7687a66e,bb530c3058c2b08a,BOOKED,2024-04-13,2024-04-13,IN,EUR,5630.84,5630.84,Luca Saar,Subscription renewal
318,4462ebfc-5f91-4ef0-9cfb-ac6e7687a66e,f45a0aa0ac6d06ac,BOOKED,2024-04-11,2024-04-13,IN,EUR,1301.41,1301.41,Markus Mets,Insurance premium Q2
319,4462ebfc-5f91-4ef0-9cfb-ac6e7687a66e,fdb67eb9ef9c7680,BOOKED,2024-04-11,2024-04-13,IN,EUR,79.59,79.59,Olivia Lepp,Service fee
320,4462ebfc-5f91-4ef0-9cfb-ac6e7687a66e,1d947aa7ed5dfabd,BOOKED,2024-04-14,2024-04-14,OUT,EUR,-1705.86,1705.86,Henrik Saar,Grocery store purchase
321,4462ebfc-5f91-4ef0-9cfb-ac6e7687a66e,5e22ef851ec0af4e,BOOKED,2024-04-13,2024-04-14,OUT,EUR,-1630.93,1630.93,Marie Lepp,Refund order 2WS41XG9
322,4462ebfc-5f91-4ef0-9cfb-ac6e7687a66e,10df4c0c1ca68711,BOOKED,2024-04-13,2024-04-15,IN,EUR,3374.31,3374.31,Mart Kowalski,Transfer to savings
323,4462ebfc-5f91-4ef0-9cfb-ac6e7687a66e,a13eb5effbc0320d,BOOKED,2024-04-15,2024-04-15,IN,EUR,4647.1,4647.1,Peeter Smith,Salary April
324,4462ebfc-5f91-4ef0-9cfb-ac6e7687a66e,ca934d2bd1814f0c,BOOKED,2024-04-15,2024-04-16,IN,EUR,3577.2,3577.2,Liisa Oja,Transfer to savings
325,4462ebfc-5f91-4ef0-9cfb-ac6e7687a66e,dae959fc528bf909,BOOKED,2024-04-14,2024-04-16,OUT,EUR,-2756.02,2756.02,Katrin Oja,Grocery store purchase
326,4462ebfc-5f91-4ef0-9cfb-ac6e7687a66e,322f56f91d28b8d5,BOOKED,2024-04-15,2024-04-17,IN,EUR,553.25,553.25,Olivia Saar,Refund order T5Q4A0UQ
327,4462ebfc-5f91-4ef0-9cfb-ac6e7687a66e,d31e32b7d089102c,PENDING,,2024-04-19,IN,EUR,5936.22,5936.22,Sophie Rossi,Salary April
328,4462ebfc-5f91-4ef0-9cfb-ac6e7687a66e,bff83f1864b97921,PENDING,,2024-04-21,IN,EUR,4010.17,4010.17,Julia Kuusk,Insurance premium Q2
329,4462ebfc-5f91-4ef0-9cfb-ac6e7687a66e,57077f814ca464a2,BOOKED,2024-04-22,2024-04-22,OUT,EUR,-7098.82,7098.82,Felix Jansen,Salary April
330,4462ebfc-5f91-4ef0-9cfb-ac6e7687a66e,a70162f3ea5fa20f,BOOKED,2024-04-22,2024-04-22,OUT,EUR,-7876.8,7876.8,Marie Kask,Refund order Y055NIDY
331,4462ebfc-5f91-4ef0-9cfb-ac6e7687a66e,c9df3662436b71bb,BOOKED,2024-04-21,2024-04-22,OUT,EUR,-1075.46,1075.46,Olivia Kuusk,Refund order 0R7B07UX
332,4462ebfc-5f91-4ef0-9cfb-ac6e7687a66e,a69181c65c6cd741,BOOKED,2024-04-22,2024-04-23,IN,EUR,4850.28,4850.28,Andres Jansen,Invoice AGBEVUFP
333,4462ebfc-5f91-4ef0-9cfb-ac6e7687a66e,35f3b46c89620807,BOOKED,2024-04-23,2024-04-24,IN,EUR,1501.91,1501.91,Markus Tamm,Tax payment OO10CB4I
334,4462ebfc-5f91-4ef0-9cfb-ac6e7687a66e,789dbc750ae21e72,BOOKED,2024-04-22,2024-04-24,IN,EUR,8243.37,8243.37,Tomas Kuusk,Tax payment 004MEBXT
335,4462ebfc-5f91-4ef0-9cfb-ac6e7687a66e,39c122e3114c6b74,BOOKED,2024-04-24,2024-04-25,IN,EUR,4510.35,4510.35,Stefan Berg,Invoice IMYWX5RJ
336,4462ebfc-5f91-4ef0-9cfb-ac6e7687a66e,68e8c1ea922d7693,PENDING,,2024-04-25,IN,EUR,8129.26,8129.26,Markus Lepp,Transfer to savings
337,4462ebfc-5f91-4ef0-9cfb-ac6e7687a66e,98ee7d074c31fe43,BOOKED,2024-04-24,2024-04-25,OUT,EUR,-2355.89,2355.89,Laura Dubois,Invoice 67DRO0WV
338,4462ebfc-5f91-4ef0-9cfb-ac6e7687a66e,c941deb7aaf8d95c,PENDING,,2024-04-25,IN,EUR,5615.3,5615.3,Peeter Kask,Loan repayment April
339,4462ebfc-5f91-4ef0-9cfb-ac6e7687a66e,28d1ac548267d33f,BOOKED,2024-04-24,2024-04-26,OUT,EUR,-2754.27,2754.27,Elena Kowalski,Refund order S3F1KZ8F
340,4462ebfc-5f91-4ef0-9cfb-ac6e7687a66e,c602da5f3a7524f8,BOOKED,2024-04-25,2024-04-26,IN,EUR,5264.7,5264.7,Katrin Paju,Tax payment 5OZ5197P
341,4462ebfc-5f91-4ef0-9cfb-ac6e7687a66e,e523e380da47961a,BOOKED,2024-04-26,2024-04-27,OUT,EUR,-5049.25,5049.25,Mart Berg,Service fee
342,4462ebfc-5f91-4ef0-9cfb-ac6e7687a66e,98d174381d06524a,BOOKED,2024-04-27,2024-04-28,IN,EUR,4484.12,4484.12,Clara Kuusk,Transfer to savings
343,4462ebfc-5f91-4ef0-9cfb-ac6e7687a66e,af7a851412d813b2,BOOKED,2024-04-26,2024-04-28,IN,EUR,4604.57,4604.57,Stefan Smith,Tax payment GE3H60FX
344,4462ebfc-5f91-4ef0-9cfb-ac6e7687a66e,c9e4808c9ba8a472,BOOKED,2024-04-27,2024-04-28,IN,EUR,5203.68,5203.68,Carlos Paju,Donation to charity
345,4462ebfc-5f91-4ef0-9cfb-ac6e7687a66e,d7a1632da7531e63,BOOKED,2024-04-26,2024-04-28,OUT,EUR,-8273.63,8273.63,Stefan Saar,Insurance premium Q2
346,4462ebfc-5f91-4ef0-9cfb-ac6e7687a66e,0f3f707c87d20a05,BOOKED,2024-04-28,2024-04-29,OUT,EUR,-3303.2,3303.2,Henrik Nilsson,Donation to charity
347,4462ebfc-5f91-4ef0-9cfb-ac6e7687a66e,659a8d528ff7b049,PENDING,,2024-04-29,OUT,EUR,-5451.1,5451.1,Ingrid Kowalski,Service fee
348,4462ebfc-5f91-4ef0-9cfb-ac6e7687a66e,810ced5fbd2913ad,BOOKED,2024-04-28,2024-04-29,OUT,EUR,-8451.78,8451.78,Peeter Kuusk,Invoice 6OQ0W0YU
349,4462ebfc-5f91-4ef0-9cfb-ac6e7687a66e,a1f24fb80d76076f,BOOKED,2024-04-29,2024-04-29,OUT,EUR,-61.5,61.5,Anna Paju,Tax payment PMY2FM8S
350,4462ebfc-5f91-4ef0-9cfb-ac6e7687a66e,cea23c0b5f24befa,BOOKED,2024-04-27,2024-04-29,OUT,EUR,-1808.62,1808.62,Liisa Oja,Grocery store purchase
351,4462ebfc-5f91-4ef0-9cfb-ac6e7687a66e,dbc1f997ec55660e,PENDING,,2024-04-29,OUT,EUR,-4966.06,4966.06,Anna Kask,Online purchase FOFQ7ZHJ
352,4462ebfc-5f91-4ef0-9cfb-ac6e7687a66e,e3e18b46e7d12d9d,BOOKED,2024-04-29,2024-04-29,IN,EUR,5648.61,5648.61,Sophie Tamm,Freelance payment QCA5SJ22
353,4462ebfc-5f91-4ef0-9cfb-ac6e7687a66e,f8b0666c46727e2c,PENDING,,2024-04-29,OUT,EUR,-8252.68,8252.68,Viktor Jansen,Insurance premium Q2
354,4462ebfc-5f91-4ef0-9cfb-ac6e7687a66e,b9b60484de320f7a,BOOKED,2024-04-28,2024-04-30,IN,EUR,1567.99,1567.99,Olivia Nilsson,Subscription renewal
355,4462ebfc-5f91-4ef0-9cfb-ac6e7687a66e,c214cbb39cfa4229,BOOKED,2024-04-29,2024-04-30,IN,EUR,5680.8,5680.8,Mart Rossi,Subscription renewal
356,4462ebfc-5f91-4ef0-9cfb-ac6e7687a66e,c744709c4f5a7733,BOOKED,2024-04-28,2024-04-30,OUT,EUR,-5553.71,5553.71,Luca Oja,Transfer to savings
357,4462ebfc-5f91-4ef0-9cfb-ac6e7687a66e,00b20a5d91b637a2,BOOKED,2024-05-01,2024-05-01,IN,EUR,6419.57,6419.57,Liisa Mets,Donation to charity
358,4462ebfc-5f91-4ef0-9cfb-ac6e7687a66e,06a051f86c86fbd4,BOOKED,2024-04-30,2024-05-01,OUT,EUR,-9706.07,9706.07,Marie Saar,Subscription renewal
359,4462ebfc-5f91-4ef0-9cfb-ac6e7687a66e,2468e46728d5ce7b,BOOKED,2024-04-29,2024-05-01,OUT,EUR,-2045.73,2045.73,Mart Lepp,Loan repayment May
360,4462ebfc-5f91-4ef0-9cfb-ac6e7687a66e,8a700773a75af9a4,BOOKED,2024-05-01,2024-05-01,IN,EUR,5103.52,5103.52,Ingrid Smith,Freelance payment O05U8PQK
361,4462ebfc-5f91-4ef0-9cfb-ac6e7687a66e,b485ac1a52d03b88,BOOKED,2024-05-01,2024-05-01,IN,EUR,1800.39,1800.39,Stefan Jansen,Freelance payment 6SITB05G
362,4462ebfc-5f91-4ef0-9cfb-ac6e7687a66e,c0ba033f0fb745e5,BOOKED,2024-05-01,2024-05-01,IN,EUR,1325.12,1325.12,Julia Mets,Salary May
363,4462ebfc-5f91-4ef0-9cfb-ac6e7687a66e,acc860d9c9ea78d8,BOOKED,2024-05-02,2024-05-02,OUT,EUR,-1103.9,1103.9,Markus Rossi,Freelance payment F7QHEFSL
364,4462ebfc-5f91-4ef0-9cfb-ac6e7687a66e,375b74d5d8fc9140,BOOKED,2024-05-02,2024-05-03,OUT,EUR,-2734.77,2734.77,Anna Rossi,Loan repayment May
365,4462ebfc-5f91-4ef0-9cfb-ac6e7687a66e,9a4dcf1e5c090352,BOOKED,2024-05-03,2024-05-03,IN,EUR,4775.01,4775.01,Laura Jansen,Freelance payment IJQQPSB0
366,4462ebfc-5f91-4ef0-9cfb-ac6e7687a66e,d25992b56b358f4b,PENDING,,2024-05-03,OUT,EUR,-1382.19,1382.19,Peeter Smith,Tax payment CIP3TVKD
367,4462ebfc-5f91-4ef0-9cfb-ac6e7687a66e,0507216435befcd3,BOOKED,2024-05-03,2024-05-04,OUT,EUR,-9671.37,9671.37,Marie Jansen,Tax payment CYCKQ0DN
368,4462ebfc-5f91-4ef0-9cfb-ac6e7687a66e,1c16226745560fc3,PENDING,,2024-05-05,IN,EUR,3448.81,3448.81,Olivia Oja,Loan repayment May
369,4462ebfc-5f91-4ef0-9cfb-ac6e7687a66e,bd803eec168357db,BOOKED,2024-05-05,2024-05-05,OUT,EUR,-6282.14,6282.14,Elena Kowalski,Invoice 8STN280K
370,4462ebfc-5f91-4ef0-9cfb-ac6e7687a66e,529b779b3741803a,BOOKED,2024-05-05,2024-05-06,IN,EUR,5554.75,5554.75,Mart Kask,Subscription renewal
371,4462ebfc-5f91-4ef0-9cfb-ac6e7687a66e,c038d4eac6454eca,BOOKED,2024-05-06,2024-05-06,OUT,EUR,-2712.06,2712.06,Olivia Nilsson,Online purchase QNVSI0QY
372,4462ebfc-5f91-4ef0-9cfb-ac6e7687a66e,dbf244dbc3b11e7e,BOOKED,2024-05-05,2024-05-06,IN,EUR,2484.86,2484.86,Viktor Nilsson,Loan repayment May
373,4462ebfc-5f91-4ef0-9cfb-ac6e7687a66e,103913fe74e49001,BOOKED,2024-05-07,2024-05-07,OUT,EUR,-2640.93,2640.93,Anna Oja,Freelance payment 7VAT417W
374,4462ebfc-5f91-4ef0-9cfb-ac6e7687a66e,972d9cb28c5ea029,BOOKED,2024-05-06,2024-05-07,IN,EUR,2659.18,2659.18,Ingrid Mueller,Donation to charity
375,4462ebfc-5f91-4ef0-9cfb-ac6e7687a66e,d692ebf532d74587,BOOKED,2024-05-06,2024-05-07,IN,EUR,9888.64,9888.64,Olivia Smith,Online purchase BEXZ8I9Y
376,4462ebfc-5f91-4ef0-9cfb-ac6e7687a66e,2541f726eaff615b,BOOKED,2024-05-07,2024-05-08,OUT,EUR,-5571.95,5571.95,Jan Saar,Online purchase AITLQLL4
377,4462ebfc-5f91-4ef0-9cfb-ac6e7687a66e,415503924e218816,BOOKED,2024-05-07,2024-05-08,IN,EUR,297.73,297.73,Sophie Jansen,Transfer to savings
378,4462ebfc-5f91-4ef0-9cfb-ac6e7687a66e,6564b28f70445dea,BOOKED,2024-05-06,2024-05-08,IN,EUR,4255.52,4255.52,Ingrid Smith,Grocery store purchase
379,4462ebfc-5f91-4ef0-9cfb-ac6e7687a66e,0ae2e52ae5297581,PENDING,,2024-05-09,OUT,EUR,-7038.68,7038.68,Tomas Mueller,Grocery store purchase
380,4462ebfc-5f91-4ef0-9cfb-ac6e7687a66e,fd4f449850de30b7,BOOKED,2024-05-09,2024-05-09,OUT,EUR,-1700.78,1700.78,Viktor Dubois,Loan repayment May
381,4462ebfc-5f91-4ef0-9cfb-ac6e7687a66e,6a639b06776d3068,BOOKED,2024-05-09,2024-05-10,IN,EUR,6269.28,6269.28,Carlos Kuusk,Loan repayment May
382,4462ebfc-5f91-4ef0-9cfb-ac6e7687a66e,f85c0dca9fdbf59e,BOOKED,2024-05-08,2024-05-10,IN,EUR,3087.95,3087.95,Stefan Mueller,Rent payment May
383,4462ebfc-5f91-4ef0-9cfb-ac6e7687a66e,175b93c7a244664b,BOOKED,2024-05-11,2024-05-11,IN,EUR,3446.93,3446.93,Markus Jansen,Grocery store purchase
384,4462ebfc-5f91-4ef0-9cfb-ac6e7687a66e,99152072534d40fe,BOOKED,2024-05-10,2024-05-11,IN,EUR,3268.2,3268.2,Henrik Jansen,Online purchase DD7N12BG
385,4462ebfc-5f91-4ef0-9cfb-ac6e7687a66e,795aa60aa7e4fc95,BOOKED,2024-05-11,2024-05-12,OUT,EUR,-684.91,684.91,Jan Dubois,Loan repayment May
386,4462ebfc-5f91-4ef0-9cfb-ac6e7687a66e,953cf74a26993ea5,PENDING,,2024-05-13,OUT,EUR,-6210.91,6210.91,Felix Dubois,Salary May
387,4462ebfc-5f91-4ef0-9cfb-ac6e7687a66e,9c0bdb005bf6a283,PENDING,,2024-05-13,IN,EUR,9820.68,9820.68,Olivia Mets,Transfer to savings
388,4462ebfc-5f91-4ef0-9cfb-ac6e7687a66e,f04304fb5b345161,BOOKED,2024-05-11,2024-05-13,IN,EUR,4057.76,4057.76,Viktor Jansen,Subscription renewal
389,4462ebfc-5f91-4ef0-9cfb-ac6e7687a66e,38f9097e2502f2d0,BOOKED,2024-05-13,2024-05-15,IN,EUR,6426.77,6426.77,Carlos Berg,Salary May
390,4462ebfc-5f91-4ef0-9cfb-ac6e7687a66e,654a29ba3aabfea6,PENDING,,2024-05-15,OUT,EUR,-6569.35,6569.35,Ingrid Kowalski,Grocery store purchase
391,4462ebfc-5f91-4ef0-9cfb-ac6e7687a66e,ee1a7bfe09fcc89c,BOOKED,2024-05-13,2024-05-15,IN,EUR,7244.74,7244.74,Anna Smith,Service fee
392,4462ebfc-5f91-4ef0-9cfb-ac6e7687a66e,095b8e94de89f98c,BOOKED,2024-05-14,2024-05-16,OUT,EUR,-4829.72,4829.72,Emma Tamm,Rent payment May
393,4462ebfc-5f91-4ef0-9cfb-ac6e7687a66e,197a2457c8cb91c9,PENDING,,2024-05-16,IN,EUR,1480.92,1480.92,Marie Berg,Salary May
394,4462ebfc-5f91-4ef0-9cfb-ac6e7687a66e,2e0d345ac137cac5,BOOKED,2024-05-14,2024-05-16,OUT,EUR,-8157.55,8157.55,Jan Oja,Invoice CB9NBFPC
395,4462ebfc-5f91-4ef0-9cfb-ac6e7687a66e,ec6efad88522316c,BOOKED,2024-05-15,2024-05-16,IN,EUR,7694.95,7694.95,Luca Paju,Tax payment M5EQNHKV
396,4462ebfc-5f91-4ef0-9cfb-ac6e7687a66e,f31c8c74c69f89a6,PENDING,,2024-05-16,OUT,EUR,-8332.23,8332.23,Carlos Mueller,Refund order B40TERNS
397,4462ebfc-5f91-4ef0-9cfb-ac6e7687a66e,5a8d872a725f9c0b,BOOKED,2024-05-15,2024-05-17,OUT,EUR,-1448.45,1448.45,Mart Oja,Transfer to savings
398,4462ebfc-5f91-4ef0-9cfb-ac6e7687a66e,06baaa9e9eb3c647,BOOKED,2024-05-17,2024-05-18,OUT,EUR,-9141.14,9141.14,Ingrid Dubois,Salary May
399,4462ebfc-5f91-4ef0-9cfb-ac6e7687a66e,0aaab67471fa0ca0,BOOKED,2024-05-18,2024-05-18,IN,EUR,2161.96,2161.96,Markus Berg,Online purchase 6L3ZR0QE
400,4462ebfc-5f91-4ef0-9cfb-ac6e7687a66e,4a8c06d26bcb638a,BOOKED,2024-05-18,2024-05-18,IN,EUR,5280.96,5280.96,Katrin Smith,Salary May
401,4462ebfc-5f91-4ef0-9cfb-ac6e7687a66e,90fb34e01247bb05,BOOKED,2024-05-16,2024-05-18,IN,EUR,1887.17,1887.17,Emma Dubois,Utility bill May
402,4462ebfc-5f91-4ef0-9cfb-ac6e7687a66e,9e67c531f58b768a,BOOKED,2024-05-17,2024-05-18,IN,EUR,544.15,544.15,Laura Berg,Online purchase TJ8JWUNA
403,4462ebfc-5f91-4ef0-9cfb-ac6e7687a66e,9eb9a2d2ecf12dab,PENDING,,2024-05-20,OUT,EUR,-8329.13,8329.13,Henrik Kuusk,Rent payment May
404,4462ebfc-5f91-4ef0-9cfb-ac6e7687a66e,02936a3efdebc733,PENDING,,2024-05-21,OUT,EUR,-6180.85,6180.85,Mart Mueller,Invoice 4746HUZX
405,4462ebfc-5f91-4ef0-9cfb-ac6e7687a66e,30961a78e67a7900,BOOKED,2024-05-21,2024-05-21,IN,EUR,338.65,338.65,Anna Dubois,Transfer to savings
406,4462ebfc-5f91-4ef0-9cfb-ac6e7687a66e,6eda4603553ae331,BOOKED,2024-05-20,2024-05-21,IN,EUR,5643.49,5643.49,Carlos Paju,Freelance payment FY6AHVFI
407,4462ebfc-5f91-4ef0-9cfb-ac6e7687a66e,a9929439aba66065,BOOKED,2024-05-19,2024-05-21,IN,EUR,1677.11,1677.11,Carlos Saar,Salary May
408,4462ebfc-5f91-4ef0-9cfb-ac6e7687a66e,4b893f94c3d7ab7c,PENDING,,2024-05-22,IN,EUR,7969.27,7969.27,Julia Kask,Transfer to savings
409,4462ebfc-5f91-4ef0-9cfb-ac6e7687a66e,7bffa4b77a17db68,BOOKED,2024-05-21,2024-05-22,IN,EUR,887,887,Julia Kowalski,Transfer to savings
410,4462ebfc-5f91-4ef0-9cfb-ac6e7687a66e,e475742c364d0d28,BOOKED,2024-05-21,2024-05-22,OUT,EUR,-9082.19,9082.19,Marie Smith,Online purchase PS4UATB1
411,4462ebfc-5f91-4ef0-9cfb-ac6e7687a66e,e5e9d36fc4047908,BOOKED,2024-05-21,2024-05-22,OUT,EUR,-9792.89,9792.89,Julia Smith,Refund order NU1TDC2V
412,4462ebfc-5f91-4ef0-9cfb-ac6e7687a66e,0f6918c6572f1c6b,BOOKED,2024-05-21,2024-05-23,IN,EUR,7271.02,7271.02,Clara Smith,Subscription renewal
413,4462ebfc-5f91-4ef0-9cfb-ac6e7687a66e,1daf371638382a64,BOOKED,2024-05-22,2024-05-23,OUT,EUR,-4657.47,4657.47,Henrik Rossi,Rent payment May
414,4462ebfc-5f91-4ef0-9cfb-ac6e7687a66e,37a5a0122483f6da,BOOKED,2024-05-21,2024-05-23,IN,EUR,2624.76,2624.76,Elena Jansen,Online purchase UU6KA53J
415,4462ebfc-5f91-4ef0-9cfb-ac6e7687a66e,becc92aaa8f40750,BOOKED,2024-05-22,2024-05-23,IN,EUR,9580.66,9580.66,Katrin Kask,Online purchase U9LLQHJJ
416,4462ebfc-5f91-4ef0-9cfb-ac6e7687a66e,e5c451d5f8191c6c,PENDING,,2024-05-23,OUT,EUR,-99.89,99.89,Peeter Dubois,Invoice AZC6A748
417,4462ebfc-5f91-4ef0-9cfb-ac6e7687a66e,aa6e80cab3b8c759,PENDING,,2024-05-25,OUT,EUR,-4772.17,4772.17,Felix Kuusk,Freelance payment 8ZATKS23
418,4462ebfc-5f91-4ef0-9cfb-ac6e7687a66e,c5a405c547840b2b,BOOKED,2024-05-25,2024-05-25,OUT,EUR,-5438.92,5438.92,Carlos Smith,Grocery store purchase
419,4462ebfc-5f91-4ef0-9cfb-ac6e7687a66e,136f061aecd48c53,BOOKED,2024-05-26,2024-05-26,OUT,EUR,-7307.99,7307.99,Katrin Kuusk,Invoice YUL46N9A
420,4462ebfc-5f91-4ef0-9cfb-ac6e7687a66e,3a2a5683905c4007,PENDING,,2024-05-26,IN,EUR,8305.69,8305.69,Viktor Smith,Loan repayment May
421,4462ebfc-5f91-4ef0-9cfb-ac6e7687a66e,9ab53161decf1cd3,BOOKED,2024-05-24,2024-05-26,IN,EUR,4887.19,4887.19,Mart Oja,Loan repayment May
422,4462ebfc-5f91-4ef0-9cfb-ac6e7687a66e,e4a2832ec172e01b,BOOKED,2024-05-24,2024-05-26,OUT,EUR,-68.42,68.42,Julia Tamm,Tax payment PGDBZZX6
423,4462ebfc-5f91-4ef0-9cfb-ac6e7687a66e,31fd4d392a45fdc0,BOOKED,2024-05-26,2024-05-27,OUT,EUR,-4777.39,4777.39,Luca Lepp,Utility bill May
424,4462ebfc-5f91-4ef0-9cfb-ac6e7687a66e,88fe5c9506b1f68e,BOOKED,2024-05-27,2024-05-27,OUT,EUR,-3991.51,3991.51,Carlos Lepp,Donation to charity
425,4462ebfc-5f91-4ef0-9cfb-ac6e7687a66e,5642761ad9aaf954,BOOKED,2024-05-26,2024-05-28,IN,EUR,8499.11,8499.11,Emma Paju,Loan repayment May
426,4462ebfc-5f91-4ef0-9cfb-ac6e7687a66e,1f27313c997edcfa,BOOKED,2024-05-28,2024-05-30,IN,EUR,2674.22,2674.22,Olivia Berg,Insurance premium Q2
427,4462ebfc-5f91-4ef0-9cfb-ac6e7687a66e,30e5ce759a82352d,BOOKED,2024-05-30,2024-05-30,IN,EUR,4174.14,4174.14,Stefan Dubois,Tax payment C2Y1UUS4
428,4462ebfc-5f91-4ef0-9cfb-ac6e7687a66e,b0781cd0134c7b3d,BOOKED,2024-05-28,2024-05-30,OUT,EUR,-6492.97,6492.97,Liisa Mueller,Rent payment May
429,4462ebfc-5f91-4ef0-9cfb-ac6e7687a66e,b45c2b17265dbe4f,BOOKED,2024-05-28,2024-05-30,OUT,EUR,-508.74,508.74,Anna Mets,Insurance premium Q2
430,4462ebfc-5f91-4ef0-9cfb-ac6e7687a66e,dde12c2b008ab8a5,PENDING,,2024-05-30,OUT,EUR,-3999.31,3999.31,Sophie Tamm,Freelance payment QFWDBDGE
431,4462ebfc-5f91-4ef0-9cfb-ac6e7687a66e,2d9aba5f30ef436b,PENDING,,2024-06-01,OUT,EUR,-5790.54,5790.54,Olivia Kuusk,Insurance premium Q2
432,4462ebfc-5f91-4ef0-9cfb-ac6e7687a66e,8409ec162290eb1a,BOOKED,2024-05-31,2024-06-01,OUT,EUR,-821.68,821.68,Luca Jansen,Online purchase 4HZN8V4S
433,4462ebfc-5f91-4ef0-9cfb-ac6e7687a66e,107f99f2b01ca7de,BOOKED,2024-06-01,2024-06-02,OUT,EUR,-3807.93,3807.93,Elena Kuusk,Utility bill June
434,4462ebfc-5f91-4ef0-9cfb-ac6e7687a66e,2a8c85794105f271,BOOKED,2024-06-02,2024-06-02,IN,EUR,7353.24,7353.24,Olivia Tamm,Transfer to savings
435,4462ebfc-5f91-4ef0-9cfb-ac6e7687a66e,3f067a16b2182b1a,PENDING,,2024-06-02,OUT,EUR,-1396.73,1396.73,Markus Saar,Refund order WFF8H80A
436,4462ebfc-5f91-4ef0-9cfb-ac6e7687a66e,c1c93c755c75223a,BOOKED,2024-06-02,2024-06-02,IN,EUR,2068.53,2068.53,Luca Smith,Service fee
437,4462ebfc-5f91-4ef0-9cfb-ac6e7687a66e,d1a594cf88777e71,BOOKED,2024-06-02,2024-06-02,OUT,EUR,-5834.3,5834.3,Viktor Lepp,Refund order SAQ3VCFD
438,4462ebfc-5f91-4ef0-9cfb-ac6e7687a66e,e6f21b9448bc2d02,BOOKED,2024-06-02,2024-06-02,IN,EUR,8379.87,8379.87,Emma Mueller,Transfer to savings
439,4462ebfc-5f91-4ef0-9cfb-ac6e7687a66e,2f2e6d975989ee6d,PENDING,,2024-06-03,OUT,EUR,-8356.71,8356.71,Julia Oja,Transfer to savings
440,4462ebfc-5f91-4ef0-9cfb-ac6e7687a66e,3319d74cf762ab26,BOOKED,2024-06-03,2024-06-03,OUT,EUR,-9189.53,9189.53,Felix Kuusk,Salary June
441,4462ebfc-5f91-4ef0-9cfb-ac6e7687a66e,e718152b09d84371,BOOKED,2024-06-01,2024-06-03,IN,EUR,3658.13,3658.13,Mart Oja,Subscription renewal
442,4462ebfc-5f91-4ef0-9cfb-ac6e7687a66e,43e72c45b7b80488,BOOKED,2024-06-03,2024-06-04,IN,EUR,6823.92,6823.92,Katrin Lepp,Loan repayment June
443,4462ebfc-5f91-4ef0-9cfb-ac6e7687a66e,60be7f0d1840ac90,BOOKED,2024-06-03,2024-06-04,IN,EUR,8325.57,8325.57,Ingrid Nilsson,Rent payment June
444,4462ebfc-5f91-4ef0-9cfb-ac6e7687a66e,8e4ab6e6283ac517,BOOKED,2024-06-03,2024-06-04,IN,EUR,2474.61,2474.61,Liisa Paju,Grocery store purchase
445,4462ebfc-5f91-4ef0-9cfb-ac6e7687a66e,901d80acdee88c08,BOOKED,2024-06-03,2024-06-04,OUT,EUR,-2097.77,2097.77,Anna Berg,Freelance payment R54GTFIU
446,4462ebfc-5f91-4ef0-9cfb-ac6e7687a66e,b6a2737b817dbace,BOOKED,2024-06-03,2024-06-04,IN,EUR,7274.52,7274.52,Ingrid Smith,Freelance payment WA2LC2Y1
447,4462ebfc-5f91-4ef0-9cfb-ac6e7687a66e,2d3fd0f01def184f,BOOKED,2024-06-04,2024-06-05,OUT,EUR,-9898.2,9898.2,Marie Jansen,Grocery store purchase
448,4462ebfc-5f91-4ef0-9cfb-ac6e7687a66e,8342e281b76f6761,BOOKED,2024-06-04,2024-06-05,OUT,EUR,-3428.52,3428.52,Emma Mueller,Invoice E00IRSAA
449,4462ebfc-5f91-4ef0-9cfb-ac6e7687a66e,25ce3cb020b064fd,BOOKED,2024-06-06,2024-06-06,OUT,EUR,-6161.82,6161.82,Viktor Nilsson,Online purchase AZQI745N
450,4462ebfc-5f91-4ef0-9cfb-ac6e7687a66e,7c0233af6af4b193,BOOKED,2024-06-04,2024-06-06,IN,EUR,4836.16,4836.16,Elena Jansen,Freelance payment 6LS05K5Q
451,4462ebfc-5f91-4ef0-9cfb-ac6e7687a66e,ba1a6a7ba6178396,BOOKED,2024-06-05,2024-06-06,OUT,EUR,-2455.43,2455.43,Stefan Smith,Service fee
452,4462ebfc-5f91-4ef0-9cfb-ac6e7687a66e,efc7f27879be8cee,BOOKED,2024-06-05,2024-06-07,IN,EUR,2976.07,2976.07,Clara Berg,Tax payment R7SWHFC4
453,4462ebfc-5f91-4ef0-9cfb-ac6e7687a66e,371fada7afdab603,BOOKED,2024-06-08,2024-06-08,IN,EUR,5668.34,5668.34,Katrin Tamm,Subscription renewal
454,4462ebfc-5f91-4ef0-9cfb-ac6e7687a66e,7704fb42eccf080f,BOOKED,2024-06-08,2024-06-08,IN,EUR,3137.45,3137.45,Andres Rossi,Transfer to savings
455,4462ebfc-5f91-4ef0-9cfb-ac6e7687a66e,b207ebcebb3a2088,BOOKED,2024-06-08,2024-06-08,IN,EUR,9849.79,9849.79,Sophie Tamm,Refund order QXZNPK09
456,4462ebfc-5f91-4ef0-9cfb-ac6e7687a66e,365febfa6e70135e,BOOKED,2024-06-08,2024-06-09,IN,EUR,2278.46,2278.46,Anna Mets,Rent payment June
457,4462ebfc-5f91-4ef0-9cfb-ac6e7687a66e,888f1760de02d8e8,BOOKED,2024-06-07,2024-06-09,OUT,EUR,-2444.49,2444.49,Mart Kowalski,Utility bill June
458,4462ebfc-5f91-4ef0-9cfb-ac6e7687a66e,966ef147dcaeae63,BOOKED,2024-06-07,2024-06-09,IN,EUR,7479.63,7479.63,Tomas Kowalski,Loan repayment June
459,4462ebfc-5f91-4ef0-9cfb-ac6e7687a66e,b0b37a3c241d4992,BOOKED,2024-06-09,2024-06-09,IN,EUR,5626,5626,Sophie Berg,Refund order RT1S3M6U
460,4462ebfc-5f91-4ef0-9cfb-ac6e7687a66e,dba6c3f0ac5087d5,PENDING,,2024-06-09,IN,EUR,5536.65,5536.65,Stefan Kask,Subscription renewal
461,4462ebfc-5f91-4ef0-9cfb-ac6e7687a66e,ed439e7b91c08036,PENDING,,2024-06-09,OUT,EUR,-2453.61,2453.61,Jan Saar,Tax payment 76EXZIE0
462,4462ebfc-5f91-4ef0-9cfb-ac6e7687a66e,339f51c4e5d03e80,BOOKED,2024-06-09,2024-06-10,IN,EUR,7818.97,7818.97,Sophie Paju,Tax payment YW3ZBZMC
463,4462ebfc-5f91-4ef0-9cfb-ac6e7687a66e,815908a83717e5f1,BOOKED,2024-06-10,2024-06-10,OUT,EUR,-3337.91,3337.91,Felix Kuusk,Grocery store purchase
464,4462ebfc-5f91-4ef0-9cfb-ac6e7687a66e,d720173b6707af4d,BOOKED,2024-06-09,2024-06-10,OUT,EUR,-7363.87,7363.87,Clara Kask,Rent payment June
465,4462ebfc-5f91-4ef0-9cfb-ac6e7687a66e,448403430f87f3d2,BOOKED,2024-06-09,2024-06-11,OUT,EUR,-683.4,683.4,Laura Berg,Transfer to savings
466,4462ebfc-5f91-4ef0-9cfb-ac6e7687a66e,4badb53ac322cda3,BOOKED,2024-06-11,2024-06-11,OUT,EUR,-6053.46,6053.46,Katrin Kask,Insurance premium Q2
467,4462ebfc-5f91-4ef0-9cfb-ac6e7687a66e,cce4df56ed70da5f,BOOKED,2024-06-10,2024-06-11,OUT,EUR,-9837,9837,Liisa Mets,Transfer to savings
468,4462ebfc-5f91-4ef0-9cfb-ac6e7687a66e,ce422dc5b6d76bd5,BOOKED,2024-06-11,2024-06-11,OUT,EUR,-332.06,332.06,Anna Paju,Transfer to savings
469,4462ebfc-5f91-4ef0-9cfb-ac6e7687a66e,713ac762174a4fed,BOOKED,2024-06-10,2024-06-12,IN,EUR,1102.83,1102.83,Anna Paju,Freelance payment CC58S5R5
470,4462ebfc-5f91-4ef0-9cfb-ac6e7687a66e,c5afe7ac9f6c7833,PENDING,,2024-06-12,IN,EUR,6831.81,6831.81,Jan Saar,Loan repayment June
471,4462ebfc-5f91-4ef0-9cfb-ac6e7687a66e,cf591474c5d3da7e,BOOKED,2024-06-10,2024-06-12,OUT,EUR,-1274.01,1274.01,Luca Nilsson,Refund order IY0HQTQV
472,4462ebfc-5f91-4ef0-9cfb-ac6e7687a66e,fb27c2e1850bb5f3,BOOKED,2024-06-10,2024-06-12,IN,EUR,9992.02,9992.02,Markus Nilsson,Tax payment WIYZXI0S
473,4462ebfc-5f91-4ef0-9cfb-ac6e7687a66e,958af62bf08b3603,PENDING,,2024-06-14,OUT,EUR,-9276.71,9276.71,Liisa Kuusk,Donation to charity
474,4462ebfc-5f91-4ef0-9cfb-ac6e7687a66e,fe93d53e3f3e9439,BOOKED,2024-06-14,2024-06-14,OUT,EUR,-4210.06,4210.06,Ingrid Smith,Loan repayment June
475,4462ebfc-5f91-4ef0-9cfb-ac6e7687a66e,8bdfb20be8bd978b,PENDING,,2024-06-15,IN,EUR,7429.17,7429.17,Viktor Jansen,Refund order 2RWGBUA1
476,4462ebfc-5f91-4ef0-9cfb-ac6e7687a66e,f238b690ff629751,BOOKED,2024-06-15,2024-06-15,IN,EUR,8535.65,8535.65,Anna Kuusk,Transfer to savings
477,4462ebfc-5f91-4ef0-9cfb-ac6e7687a66e,0b8ed3385da0bf57,PENDING,,2024-06-16,IN,EUR,1177.95,1177.95,Viktor Kowalski,Tax payment HAYRNNR0
478,4462ebfc-5f91-4ef0-9cfb-ac6e7687a66e,7687c7fb79a23d4a,BOOKED,2024-06-16,2024-06-16,OUT,EUR,-8874.59,8874.59,Henrik Jansen,Insurance premium Q2
479,4462ebfc-5f91-4ef0-9cfb-ac6e7687a66e,adcb8998387ce2fc,PENDING,,2024-06-16,IN,EUR,685.05,685.05,Mart Dubois,Online purchase W24CLUVS
480,4462ebfc-5f91-4ef0-9cfb-ac6e7687a66e,b48e3df63d0a89fe,BOOKED,2024-06-14,2024-06-16,IN,EUR,8661.72,8661.72,Liisa Jansen,Subscription renewal
481,4462ebfc-5f91-4ef0-9cfb-ac6e7687a66e,103d2e7e862699db,BOOKED,2024-06-17,2024-06-17,IN,EUR,8490.49,8490.49,Sophie Saar,Insurance premium Q2
482,4462ebfc-5f91-4ef0-9cfb-ac6e7687a66e,17acbf7e709c0a7e,BOOKED,2024-06-16,2024-06-17,OUT,EUR,-8209.88,8209.88,Andres Paju,Online purchase KKSVO6DF
483,4462ebfc-5f91-4ef0-9cfb-ac6e7687a66e,961d80ab266cf24f,BOOKED,2024-06-16,2024-06-17,IN,EUR,9694.66,9694.66,Tomas Berg,Refund order ZGWA0BP9
484,4462ebfc-5f91-4ef0-9cfb-ac6e7687a66e,989d36d153fa3ddf,PENDING,,2024-06-17,IN,EUR,2735.83,2735.83,Tomas Kask,Refund order DF2DOYU2
485,4462ebfc-5f91-4ef0-9cfb-ac6e7687a66e,ac52385a3e4c03ff,BOOKED,2024-06-16,2024-06-17,IN,EUR,7416.08,7416.08,Anna Jansen,Freelance payment GZLFRQZ2
486,4462ebfc-5f91-4ef0-9cfb-ac6e7687a66e,b8e0f907e8bbf0e4,BOOKED,2024-06-15,2024-06-17,IN,EUR,3518.14,3518.14,Jan Mueller,Tax payment V3WMB7Y2
487,4462ebfc-5f91-4ef0-9cfb-ac6e7687a66e,fa014860abc41e71,PENDING,,2024-06-17,OUT,EUR,-565.53,565.53,Laura Jansen,Tax payment 70S0FTFX
488,4462ebfc-5f91-4ef0-9cfb-ac6e7687a66e,ffeed92bd482db53,BOOKED,2024-06-16,2024-06-17,OUT,EUR,-7796.85,7796.85,Elena Saar,Freelance payment AIN6EWXE
489,4462ebfc-5f91-4ef0-9cfb-ac6e7687a66e,293f95eab42c0b41,PENDING,,2024-06-18,OUT,EUR,-8979.18,8979.18,Luca Kask,Utility bill June
490,4462ebfc-5f91-4ef0-9cfb-ac6e7687a66e,8567b84ba35eea50,BOOKED,2024-06-18,2024-06-19,OUT,EUR,-2906.31,2906.31,Olivia Lepp,Rent payment June
491,4462ebfc-5f91-4ef0-9cfb-ac6e7687a66e,9d5d671189a93f08,PENDING,,2024-06-19,OUT,EUR,-1142.08,1142.08,Katrin Dubois,Rent payment June
492,4462ebfc-5f91-4ef0-9cfb-ac6e7687a66e,fabafc71f67107a8,PENDING,,2024-06-19,OUT,EUR,-717.24,717.24,Clara Smith,Refund order ZEGENL60
493,4462ebfc-5f91-4ef0-9cfb-ac6e7687a66e,627ad28f5fa6ea48,BOOKED,2024-06-19,2024-06-20,OUT,EUR,-5508.86,5508.86,Laura Nilsson,Service fee
494,4462ebfc-5f91-4ef0-9cfb-ac6e7687a66e,8bbe5d99c8abb7bd,BOOKED,2024-06-18,2024-06-20,IN,EUR,4669.81,4669.81,Marie Rossi,Service fee
495,4462ebfc-5f91-4ef0-9cfb-ac6e7687a66e,c3d2dfff94e167aa,BOOKED,2024-06-18,2024-06-20,IN,EUR,5060.99,5060.99,Tomas Oja,Grocery store purchase
496,4462ebfc-5f91-4ef0-9cfb-ac6e7687a66e,561c9b307eb27295,BOOKED,2024-06-20,2024-06-21,OUT,EUR,-9243.29,9243.29,Clara Oja,Salary June
497,4462ebfc-5f91-4ef0-9cfb-ac6e7687a66e,5bccfe038219e28a,BOOKED,2024-06-19,2024-06-21,OUT,EUR,-7192.73,7192.73,Viktor Smith,Donation to charity
498,4462ebfc-5f91-4ef0-9cfb-ac6e7687a66e,92aa29c5a666c265,BOOKED,2024-06-20,2024-06-21,IN,EUR,9286.74,9286.74,Stefan Berg,Subscription renewal
499,4462ebfc-5f91-4ef0-9cfb-ac6e7687a66e,04c31bbc718efe84,PENDING,,2024-06-22,IN,EUR,5940.35,5940.35,Peeter Nilsson,Utility bill June
500,4462ebfc-5f91-4ef0-9cfb-ac6e7687a66e,bb4c1462472d21d5,BOOKED,2024-06-22,2024-06-22,OUT,EUR,-152.35,152.35,Markus Rossi,Loan repayment June
501,4462ebfc-5f91-4ef0-9cfb-ac6e7687a66e,dab50c4348f886d2,BOOKED,2024-06-20,2024-06-22,IN,EUR,344.32,344.32,Laura Nilsson,Grocery store purchase
502,4462ebfc-5f91-4ef0-9cfb-ac6e7687a66e,76f941f39d74f543,BOOKED,2024-06-22,2024-06-23,IN,EUR,1311.32,1311.32,Markus Mets,Salary June
503,4462ebfc-5f91-4ef0-9cfb-ac6e7687a66e,3845824745f70b42,BOOKED,2024-06-22,2024-06-24,OUT,EUR,-332.55,332.55,Anna Berg,Tax payment HOLGTLRT
504,4462ebfc-5f91-4ef0-9cfb-ac6e7687a66e,ca026bb7c1e634df,BOOKED,2024-06-24,2024-06-24,IN,EUR,5438.63,5438.63,Olivia Berg,Transfer to savings
505,4462ebfc-5f91-4ef0-9cfb-ac6e7687a66e,ebab3fad641647d2,BOOKED,2024-06-24,2024-06-24,IN,EUR,2413.13,2413.13,Mart Oja,Loan repayment June
506,4462ebfc-5f91-4ef0-9cfb-ac6e7687a66e,ef2be53b6bfc4b5b,BOOKED,2024-06-22,2024-06-24,IN,EUR,9045.57,9045.57,Luca Lepp,Online purchase W96XVEKQ
507,4462ebfc-5f91-4ef0-9cfb-ac6e7687a66e,10bfa66cc547ce3e,BOOKED,2024-06-23,2024-06-25,IN,EUR,7444.79,7444.79,Laura Smith,Tax payment IELH80JJ
508,4462ebfc-5f91-4ef0-9cfb-ac6e7687a66e,874f603b4aa0ad28,BOOKED,2024-06-25,2024-06-25,IN,EUR,7815.66,7815.66,Sophie Kowalski,Salary June
509,4462ebfc-5f91-4ef0-9cfb-ac6e7687a66e,f9ac01ceba5fe465,BOOKED,2024-06-23,2024-06-25,OUT,EUR,-3755.27,3755.27,Peeter Tamm,Invoice 37WVT3N3
510,4462ebfc-5f91-4ef0-9cfb-ac6e7687a66e,43269d957585b7d1,BOOKED,2024-06-26,2024-06-26,IN,EUR,2969.72,2969.72,Felix Mets,Invoice I9FR16X2
511,4462ebfc-5f91-4ef0-9cfb-ac6e7687a66e,5c29062a73198bdd,BOOKED,2024-06-25,2024-06-26,OUT,EUR,-5019.73,5019.73,Felix Kowalski,Invoice JDQSP4P1
512,4462ebfc-5f91-4ef0-9cfb-ac6e7687a66e,1a24f168a94d15f5,BOOKED,2024-06-26,2024-06-27,OUT,EUR,-4667.64,4667.64,Katrin Dubois,Insurance premium Q2
513,4462ebfc-5f91-4ef0-9cfb-ac6e7687a66e,6896e287fa85a187,BOOKED,2024-06-26,2024-06-27,OUT,EUR,-408.43,408.43,Elena Nilsson,Donation to charity
514,4462ebfc-5f91-4ef0-9cfb-ac6e7687a66e,d3c03752c8cfd37d,PENDING,,2024-06-27,OUT,EUR,-6939.19,6939.19,Elena Kask,Utility bill June
515,4462ebfc-5f91-4ef0-9cfb-ac6e7687a66e,049430a5552424bf,BOOKED,2024-06-28,2024-06-28,IN,EUR,6685.67,6685.67,Markus Kask,Grocery store purchase
516,4462ebfc-5f91-4ef0-9cfb-ac6e7687a66e,235eafcacb44f9fe,BOOKED,2024-06-26,2024-06-28,OUT,EUR,-4088.22,4088.22,Marie Kuusk,Utility bill June
517,4462ebfc-5f91-4ef0-9cfb-ac6e7687a66e,5cf27a039db911f2,BOOKED,2024-06-27,2024-06-28,IN,EUR,2439.18,2439.18,Carlos Smith,Loan repayment June
518,4462ebfc-5f91-4ef0-9cfb-ac6e7687a66e,c9e36865917cd8c0,BOOKED,2024-06-27,2024-06-28,OUT,EUR,-1373.74,1373.74,Andres Oja,Refund order IF3JFU9M
519,4462ebfc-5f91-4ef0-9cfb-ac6e7687a66e,e93b133883d6c837,BOOKED,2024-06-26,2024-06-28,IN,EUR,4993.88,4993.88,Marie Saar,Invoice EYYMI0OQ
520,4462ebfc-5f91-4ef0-9cfb-ac6e7687a66e,5515a58bb547ae71,BOOKED,2024-06-28,2024-06-29,IN,EUR,7301.96,7301.96,Liisa Jansen,Transfer to savings
521,4462ebfc-5f91-4ef0-9cfb-ac6e7687a66e,b376f97a142f7c55,BOOKED,2024-06-28,2024-06-29,IN,EUR,9263.76,9263.76,Viktor Rossi,Salary June
522,4462ebfc-5f91-4ef0-9cfb-ac6e7687a66e,2b607e82f6ca1a6c,BOOKED,2024-06-30,2024-06-30,OUT,EUR,-5467.37,5467.37,Marie Kuusk,Refund order DNPTQP76
523,4462ebfc-5f91-4ef0-9cfb-ac6e7687a66e,5ce06762b7d84504,PENDING,,2024-06-30,OUT,EUR,-8926.51,8926.51,Anna Lepp,Transfer to savings
524,4462ebfc-5f91-4ef0-9cfb-ac6e7687a66e,61110a1d0a9dd635,BOOKED,2024-06-29,2024-06-30,IN,EUR,3315.34,3315.34,Peeter Kuusk,Donation to charity
525,4462ebfc-5f91-4ef0-9cfb-ac6e7687a66e,cccc11b1c2555920,BOOKED,2024-06-29,2024-06-30,IN,EUR,9999.24,9999.24,Henrik Tamm,Donation to charity
526,4462ebfc-5f91-4ef0-9cfb-ac6e7687a66e,fa0d32d01ff12852,BOOKED,2024-06-30,2024-06-30,OUT,EUR,-5900.67,5900.67,Markus Mueller,Invoice TC9JPA8I
527,4462ebfc-5f91-4ef0-9cfb-ac6e7687a66e,a019ef7b42ab0ad1,BOOKED,2024-06-30,2024-07-01,IN,EUR,6272.06,6272.06,Clara Oja,Transfer to savings
528,4462ebfc-5f91-4ef0-9cfb-ac6e7687a66e,6e4f54a16d81f90e,BOOKED,2024-07-02,2024-07-02,IN,EUR,2850.78,2850.78,Peeter Mueller,Grocery store purchase
529,4462ebfc-5f91-4ef0-9cfb-ac6e7687a66e,e739504b998b0c91,BOOKED,2024-07-03,2024-07-03,IN,EUR,3386.03,3386.03,Stefan Mueller,Donation to charity
530,4462ebfc-5f91-4ef0-9cfb-ac6e7687a66e,f6a6df2e80fe6a84,PENDING,,2024-07-03,OUT,EUR,-5652.21,5652.21,Elena Tamm,Refund order R9XIA2I9
531,4462ebfc-5f91-4ef0-9cfb-ac6e7687a66e,192920163fae889a,PENDING,,2024-07-04,IN,EUR,9897.74,9897.74,Viktor Lepp,Refund order WWL64B0S
532,4462ebfc-5f91-4ef0-9cfb-ac6e7687a66e,92dc9869a1a26894,BOOKED,2024-07-04,2024-07-04,OUT,EUR,-2884.97,2884.97,Stefan Oja,Insurance premium Q3
533,4462ebfc-5f91-4ef0-9cfb-ac6e7687a66e,2b7c5dcaa00a9c75,PENDING,,2024-07-05,IN,EUR,6263.05,6263.05,Jan Jansen,Freelance payment SPLDN7IS
534,4462ebfc-5f91-4ef0-9cfb-ac6e7687a66e,601083fef1fb353b,BOOKED,2024-07-05,2024-07-05,IN,EUR,1044.3,1044.3,Mart Nilsson,Online purchase PY8XFSBV
535,4462ebfc-5f91-4ef0-9cfb-ac6e7687a66e,895daa001197182a,BOOKED,2024-07-04,2024-07-05,IN,EUR,9875.29,9875.29,Clara Smith,Utility bill July
536,4462ebfc-5f91-4ef0-9cfb-ac6e7687a66e,cfaa8b8ff4875bc1,BOOKED,2024-07-03,2024-07-05,OUT,EUR,-6944.34,6944.34,Tomas Saar,Refund order RC9Q2G5A
537,4462ebfc-5f91-4ef0-9cfb-ac6e7687a66e,e1b6cc329138e809,BOOKED,2024-07-04,2024-07-05,OUT,EUR,-7838.13,7838.13,Marie Kask,Service fee
538,4462ebfc-5f91-4ef0-9cfb-ac6e7687a66e,f4ab01e7593bdb79,BOOKED,2024-07-06,2024-07-06,IN,EUR,4321.52,4321.52,Clara Dubois,Service fee
539,4462ebfc-5f91-4ef0-9cfb-ac6e7687a66e,3928dd3281a53858,PENDING,,2024-07-07,IN,EUR,347.43,347.43,Ingrid Rossi,Grocery store purchase
540,4462ebfc-5f91-4ef0-9cfb-ac6e7687a66e,a60e597e03e586aa,BOOKED,2024-07-07,2024-07-07,OUT,EUR,-5679.49,5679.49,Carlos Berg,Refund order 4PF16G06
541,4462ebfc-5f91-4ef0-9cfb-ac6e7687a66e,deb3bf0a7889d938,BOOKED,2024-07-08,2024-07-08,OUT,EUR,-1387.06,1387.06,Olivia Nilsson,Invoice RXI6QSOP
542,4462ebfc-5f91-4ef0-9cfb-ac6e7687a66e,c3e9893c739bda08,BOOKED,2024-07-07,2024-07-09,IN,EUR,3614.26,3614.26,Emma Lepp,Transfer to savings
543,4462ebfc-5f91-4ef0-9cfb-ac6e7687a66e,d0ee0de496c7fd53,BOOKED,2024-07-08,2024-07-09,IN,EUR,6584.48,6584.48,Stefan Saar,Subscription renewal
544,4462ebfc-5f91-4ef0-9cfb-ac6e7687a66e,32ef55fea811e9e6,BOOKED,2024-07-09,2024-07-10,IN,EUR,2840.16,2840.16,Andres Kowalski,Utility bill July
545,4462ebfc-5f91-4ef0-9cfb-ac6e7687a66e,561cf9498ac44e2c,BOOKED,2024-07-08,2024-07-10,IN,EUR,584.7,584.7,Carlos Kask,Tax payment T22O4DIF
546,4462ebfc-5f91-4ef0-9cfb-ac6e7687a66e,d723234586deb4cb,BOOKED,2024-07-08,2024-07-10,IN,EUR,1820.07,1820.07,Tomas Lepp,Tax payment VHBZB7E0
547,4462ebfc-5f91-4ef0-9cfb-ac6e7687a66e,60f5d4ee86d597e9,BOOKED,2024-07-11,2024-07-11,OUT,EUR,-3714.88,3714.88,Ingrid Rossi,Loan repayment July
548,4462ebfc-5f91-4ef0-9cfb-ac6e7687a66e,83a839d40382ccbc,PENDING,,2024-07-11,IN,EUR,9015.88,9015.88,Mart Rossi,Salary July
549,4462ebfc-5f91-4ef0-9cfb-ac6e7687a66e,38105c2fa808c83b,PENDING,,2024-07-12,OUT,EUR,-8304.36,8304.36,Felix Kuusk,Insurance premium Q3
550,4462ebfc-5f91-4ef0-9cfb-ac6e7687a66e,0a9479e6df320025,BOOKED,2024-07-14,2024-07-14,OUT,EUR,-4406.01,4406.01,Luca Paju,Insurance premium Q3
551,4462ebfc-5f91-4ef0-9cfb-ac6e7687a66e,1298c7888e384a99,BOOKED,2024-07-13,2024-07-14,OUT,EUR,-3796.31,3796.31,Ingrid Lepp,Rent payment July
552,4462ebfc-5f91-4ef0-9cfb-ac6e7687a66e,a3df6c2760768c3f,BOOKED,2024-07-14,2024-07-14,OUT,EUR,-238.78,238.78,Emma Lepp,Freelance payment 9WUFQ2UP
553,4462ebfc-5f91-4ef0-9cfb-ac6e7687a66e,ab4c4215337f42ae,BOOKED,2024-07-13,2024-07-14,IN,EUR,4397.62,4397.62,Luca Lepp,Invoice AZFUY0WT
554,4462ebfc-5f91-4ef0-9cfb-ac6e7687a66e,f47e2a343408d5cf,PENDING,,2024-07-14,OUT,EUR,-5759.28,5759.28,Elena Jansen,Refund order 2TWEOVX7
555,4462ebfc-5f91-4ef0-9cfb-ac6e7687a66e,c61af49ee5e469cd,PENDING,,2024-07-15,IN,EUR,5351.91,5351.91,Laura Kowalski,Tax payment I5SOXXQF
556,4462ebfc-5f91-4ef0-9cfb-ac6e7687a66e,260ec6ff581adaab,BOOKED,2024-07-15,2024-07-16,OUT,EUR,-5350.68,5350.68,Julia Smith,Utility bill July
557,4462ebfc-5f91-4ef0-9cfb-ac6e7687a66e,4455dee626d8f922,BOOKED,2024-07-15,2024-07-16,IN,EUR,3609.37,3609.37,Clara Paju,Donation to charity
558,4462ebfc-5f91-4ef0-9cfb-ac6e7687a66e,7799202acb10c797,BOOKED,2024-07-15,2024-07-16,IN,EUR,6665.26,6665.26,Felix Lepp,Utility bill July
559,4462ebfc-5f91-4ef0-9cfb-ac6e7687a66e,90c480482d9c759d,BOOKED,2024-07-14,2024-07-16,IN,EUR,2841.26,2841.26,Tomas Mueller,Service fee
560,4462ebfc-5f91-4ef0-9cfb-ac6e7687a66e,4b98632fb51c3885,PENDING,,2024-07-17,IN,EUR,5818.79,5818.79,Andres Dubois,Rent payment July
561,4462ebfc-5f91-4ef0-9cfb-ac6e7687a66e,d92b2167dda72501,BOOKED,2024-07-15,2024-07-17,OUT,EUR,-6385.24,6385.24,Liisa Nilsson,Grocery store purchase
562,4462ebfc-5f91-4ef0-9cfb-ac6e7687a66e,3d135dea731af41d,BOOKED,2024-07-18,2024-07-18,IN,EUR,7102.09,7102.09,Henrik Berg,Service fee
563,4462ebfc-5f91-4ef0-9cfb-ac6e7687a66e,42716c3df44b6f37,PENDING,,2024-07-18,OUT,EUR,-3412.03,3412.03,Ingrid Rossi,Service fee
564,4462ebfc-5f91-4ef0-9cfb-ac6e7687a66e,4fcfde7dbdc11f20,BOOKED,2024-07-18,2024-07-18,OUT,EUR,-1707.17,1707.17,Luca Kuusk,Online purchase LEAHGU9E
565,4462ebfc-5f91-4ef0-9cfb-ac6e7687a66e,a28f032c9044536a,BOOKED,2024-07-17,2024-07-18,IN,EUR,1151.68,1151.68,Andres Rossi,Donation to charity
566,4462ebfc-5f91-4ef0-9cfb-ac6e7687a66e,5f8fc013baf11509,BOOKED,2024-07-18,2024-07-19,OUT,EUR,-8514.11,8514.11,Anna Smith,Refund order P2D27TLD
567,4462ebfc-5f91-4ef0-9cfb-ac6e7687a66e,95dcb669d40e9001,BOOKED,2024-07-17,2024-07-19,OUT,EUR,-1396,1396,Olivia Dubois,Loan repayment July
568,4462ebfc-5f91-4ef0-9cfb-ac6e7687a66e,a5a7aa41259da6c6,PENDING,,2024-07-20,IN,EUR,6744.35,6744.35,Markus Dubois,Tax payment 70F5G3SP
569,4462ebfc-5f91-4ef0-9cfb-ac6e7687a66e,d16ba0ef7511541a,BOOKED,2024-07-18,2024-07-20,OUT,EUR,-4253.88,4253.88,Marie Nilsson,Tax payment 3RFXQU3Q
570,4462ebfc-5f91-4ef0-9cfb-ac6e7687a66e,1b62d7e4566ac457,BOOKED,2024-07-21,2024-07-21,IN,EUR,5211.31,5211.31,Katrin Tamm,Freelance payment EJ20C74S
571,4462ebfc-5f91-4ef0-9cfb-ac6e7687a66e,1f0dbc5fcab86fd3,BOOKED,2024-07-20,2024-07-21,IN,EUR,8327.17,8327.17,Markus Berg,Transfer to savings
572,4462ebfc-5f91-4ef0-9cfb-ac6e7687a66e,57890007d1043457,BOOKED,2024-07-19,2024-07-21,IN,EUR,3805.84,3805.84,Elena Saar,Subscription renewal
573,4462ebfc-5f91-4ef0-9cfb-ac6e7687a66e,22c3b9c076c7e89b,PENDING,,2024-07-22,IN,EUR,2493.74,2493.74,Anna Nilsson,Invoice E9M1XMBF
574,4462ebfc-5f91-4ef0-9cfb-ac6e7687a66e,448c5963dccc9455,PENDING,,2024-07-22,IN,EUR,5383.63,5383.63,Mart Berg,Online purchase M58CIS2U
575,4462ebfc-5f91-4ef0-9cfb-ac6e7687a66e,a486c888115ee6d6,BOOKED,2024-07-21,2024-07-23,IN,EUR,3745.24,3745.24,Mart Tamm,Refund order 82JEAB1U
576,4462ebfc-5f91-4ef0-9cfb-ac6e7687a66e,d70cd164d39999a9,BOOKED,2024-07-23,2024-07-23,IN,EUR,5287.35,5287.35,Luca Lepp,Utility bill July
577,4462ebfc-5f91-4ef0-9cfb-ac6e7687a66e,3f43c5735ffd9699,PENDING,,2024-07-24,IN,EUR,5969.34,5969.34,Ingrid Kask,Tax payment WUNTD5Q4
578,4462ebfc-5f91-4ef0-9cfb-ac6e7687a66e,63ec3075d535c682,BOOKED,2024-07-24,2024-07-24,IN,EUR,211.93,211.93,Mart Kowalski,Service fee
579,4462ebfc-5f91-4ef0-9cfb-ac6e7687a66e,e95aabd351048f52,BOOKED,2024-07-23,2024-07-24,IN,EUR,8240.7,8240.7,Julia Oja,Tax payment KGRKA9T5
580,4462ebfc-5f91-4ef0-9cfb-ac6e7687a66e,f48b7de3febd60e1,BOOKED,2024-07-23,2024-07-24,OUT,EUR,-2346.57,2346.57,Markus Berg,Loan repayment July
581,4462ebfc-5f91-4ef0-9cfb-ac6e7687a66e,19c42a3685682782,BOOKED,2024-07-25,2024-07-25,IN,EUR,923.99,923.99,Peeter Kowalski,Grocery store purchase
582,4462ebfc-5f91-4ef0-9cfb-ac6e7687a66e,455a6670fe3950cb,PENDING,,2024-07-25,IN,EUR,2536.13,2536.13,Carlos Mets,Invoice 4NAQ19UX
583,4462ebfc-5f91-4ef0-9cfb-ac6e7687a66e,66abd624d252566a,PENDING,,2024-07-25,OUT,EUR,-9195.15,9195.15,Ingrid Oja,Insurance premium Q3
584,4462ebfc-5f91-4ef0-9cfb-ac6e7687a66e,727bb3340e899b1b,PENDING,,2024-07-25,OUT,EUR,-5431.75,5431.75,Markus Saar,Online purchase VA76XRAN
585,4462ebfc-5f91-4ef0-9cfb-ac6e7687a66e,46fdc5e033388a18,BOOKED,2024-07-27,2024-07-27,OUT,EUR,-6206.35,6206.35,Tomas Smith,Donation to charity
586,4462ebfc-5f91-4ef0-9cfb-ac6e7687a66e,5a70bd74ab89e268,BOOKED,2024-07-26,2024-07-27,OUT,EUR,-8547.63,8547.63,Elena Rossi,Donation to charity
587,4462ebfc-5f91-4ef0-9cfb-ac6e7687a66e,87b26a75fdc89e9a,BOOKED,2024-07-26,2024-07-27,IN,EUR,936.84,936.84,Anna Paju,Online purchase G6EOFEVL
588,4462ebfc-5f91-4ef0-9cfb-ac6e7687a66e,bf925d9e45b2c033,BOOKED,2024-07-26,2024-07-28,OUT,EUR,-9063.47,9063.47,Jan Berg,Utility bill July
589,4462ebfc-5f91-4ef0-9cfb-ac6e7687a66e,19da115af375380a,BOOKED,2024-07-28,2024-07-29,OUT,EUR,-3943.7,3943.7,Julia Smith,Service fee
590,4462ebfc-5f91-4ef0-9cfb-ac6e7687a66e,fb35b3428a845b9e,BOOKED,2024-07-28,2024-07-29,IN,EUR,9331.09,9331.09,Olivia Jansen,Insurance premium Q3
591,4462ebfc-5f91-4ef0-9cfb-ac6e7687a66e,1886bd9f46950cb0,BOOKED,2024-07-28,2024-07-30,IN,EUR,5088.77,5088.77,Carlos Paju,Invoice E6LKR8ZR
592,4462ebfc-5f91-4ef0-9cfb-ac6e7687a66e,1915be372c419f2e,BOOKED,2024-07-28,2024-07-30,OUT,EUR,-5561.86,5561.86,Sophie Lepp,Freelance payment 64M4FZAU
593,4462ebfc-5f91-4ef0-9cfb-ac6e7687a66e,37742e52ec6c4911,BOOKED,2024-07-30,2024-07-30,OUT,EUR,-5243.22,5243.22,Stefan Mets,Utility bill July
594,4462ebfc-5f91-4ef0-9cfb-ac6e7687a66e,392d38018a13d9ba,BOOKED,2024-07-28,2024-07-30,OUT,EUR,-9388.15,9388.15,Peeter Nilsson,Freelance payment FKAJ6ZGY
595,4462ebfc-5f91-4ef0-9cfb-ac6e7687a66e,2d8103035646f201,BOOKED,2024-07-31,2024-07-31,IN,EUR,870.23,870.23,Stefan Mets,Salary July
596,4462ebfc-5f91-4ef0-9cfb-ac6e7687a66e,d62957b336c1da37,PENDING,,2024-07-31,OUT,EUR,-6057.96,6057.96,Markus Smith,Freelance payment 2LRNF1GF
597,4462ebfc-5f91-4ef0-9cfb-ac6e7687a66e,5b68ee6d928032d1,BOOKED,2024-07-31,2024-08-02,IN,EUR,4040.36,4040.36,Stefan Jansen,Refund order ZJU7C6A8
598,4462ebfc-5f91-4ef0-9cfb-ac6e7687a66e,ca29af51a996cde2,BOOKED,2024-08-01,2024-08-02,OUT,EUR,-1195.54,1195.54,Andres Paju,Online purchase 9QB1RQPS
599,4462ebfc-5f91-4ef0-9cfb-ac6e7687a66e,06ed7019180dafc9,PENDING,,2024-08-03,OUT,EUR,-4978.29,4978.29,Ingrid Kask,Insurance premium Q3
600,4462ebfc-5f91-4ef0-9cfb-ac6e7687a66e,2e0cda699a87a559,BOOKED,2024-08-03,2024-08-03,OUT,EUR,-9651.76,9651.76,Ingrid Dubois,Subscription renewal
601,4462ebfc-5f91-4ef0-9cfb-ac6e7687a66e,368f9102efa2d4e1,BOOKED,2024-08-03,2024-08-03,IN,EUR,5382.33,5382.33,Tomas Lepp,Subscription renewal
602,4462ebfc-5f91-4ef0-9cfb-ac6e7687a66e,a723663b040240f5,BOOKED,2024-08-01,2024-08-03,OUT,EUR,-32.92,32.92,Liisa Kowalski,Service fee
603,4462ebfc-5f91-4ef0-9cfb-ac6e7687a66e,43fd2215d9cb058a,BOOKED,2024-08-03,2024-08-04,OUT,EUR,-7795.47,7795.47,Laura Rossi,Service fee
604,4462ebfc-5f91-4ef0-9cfb-ac6e7687a66e,7297f204aa3c34e3,BOOKED,2024-08-03,2024-08-04,IN,EUR,6554.48,6554.48,Tomas Kowalski,Utility bill August
605,4462ebfc-5f91-4ef0-9cfb-ac6e7687a66e,181c0c9036f4a9ce,BOOKED,2024-08-04,2024-08-05,OUT,EUR,-991.15,991.15,Ingrid Lepp,Utility bill August
606,4462ebfc-5f91-4ef0-9cfb-ac6e7687a66e,ac37a7b9751ede3b,BOOKED,2024-08-04,2024-08-05,OUT,EUR,-16.47,16.47,Ingrid Kowalski,Online purchase NRU48FMU
607,4462ebfc-5f91-4ef0-9cfb-ac6e7687a66e,072cf6a75db4bccd,PENDING,,2024-08-06,OUT,EUR,-5096.33,5096.33,Markus Paju,Refund order W4TD5R89
608,4462ebfc-5f91-4ef0-9cfb-ac6e7687a66e,0c99e63b674cf8b0,BOOKED,2024-08-05,2024-08-06,IN,EUR,8939.72,8939.72,Jan Lepp,Donation to charity
609,4462ebfc-5f91-4ef0-9cfb-ac6e7687a66e,27e643a6033728af,BOOKED,2024-08-04,2024-08-06,IN,EUR,6608.29,6608.29,Viktor Jansen,Freelance payment SDP7RWEB
610,4462ebfc-5f91-4ef0-9cfb-ac6e7687a66e,1999360ffce4e2c2,PENDING,,2024-08-07,IN,EUR,5613.46,5613.46,Felix Lepp,Rent payment August
611,4462ebfc-5f91-4ef0-9cfb-ac6e7687a66e,3f3cb51ed0a9a803,BOOKED,2024-08-06,2024-08-07,OUT,EUR,-266.71,266.71,Jan Nilsson,Refund order O57H5ET8
612,4462ebfc-5f91-4ef0-9cfb-ac6e7687a66e,6f57a7da98c9148d,BOOKED,2024-08-06,2024-08-07,OUT,EUR,-1875.01,1875.01,Felix Lepp,Utility bill August
613,4462ebfc-5f91-4ef0-9cfb-ac6e7687a66e,b7112d9667cbc743,BOOKED,2024-08-07,2024-08-07,OUT,EUR,-9884.52,9884.52,Anna Tamm,Loan repayment August
614,4462ebfc-5f91-4ef0-9cfb-ac6e7687a66e,b79b7ae5f897add0,BOOKED,2024-08-07,2024-08-07,IN,EUR,9060.45,9060.45,Olivia Kuusk,Rent payment August
615,4462ebfc-5f91-4ef0-9cfb-ac6e7687a66e,1bf65b684a9c0abd,PENDING,,2024-08-08,IN,EUR,3269.64,3269.64,Jan Kask,Online purchase QFC9Z411
616,4462ebfc-5f91-4ef0-9cfb-ac6e7687a66e,2313edf0011c606d,PENDING,,2024-08-08,IN,EUR,118.17,118.17,Olivia Kowalski,Utility bill August
617,4462ebfc-5f91-4ef0-9cfb-ac6e7687a66e,6c9e9251c5333c43,BOOKED,2024-08-09,2024-08-09,OUT,EUR,-5340.1,5340.1,Katrin Oja,Subscription renewal
618,4462ebfc-5f91-4ef0-9cfb-ac6e7687a66e,dca4c389a1138a86,PENDING,,2024-08-09,IN,EUR,852.02,852.02,Ingrid Rossi,Tax payment ZJOM7DPM
619,4462ebfc-5f91-4ef0-9cfb-ac6e7687a66e,6b301d63ba85b3f1,BOOKED,2024-08-09,2024-08-10,OUT,EUR,-9283.33,9283.33,Olivia Paju,Grocery store purchase
620,4462ebfc-5f91-4ef0-9cfb-ac6e7687a66e,d45a2b8f4232341a,BOOKED,2024-08-09,2024-08-10,IN,EUR,2628.28,2628.28,Henrik Kask,Grocery store purchase
621,4462ebfc-5f91-4ef0-9cfb-ac6e7687a66e,1b6f4d876ad806fc,BOOKED,2024-08-11,2024-08-12,OUT,EUR,-8212.46,8212.46,Katrin Dubois,Donation to charity
622,4462ebfc-5f91-4ef0-9cfb-ac6e7687a66e,1ca8a42603622d88,BOOKED,2024-08-11,2024-08-12,OUT,EUR,-7971.04,7971.04,Andres Lepp,Utility bill August
623,4462ebfc-5f91-4ef0-9cfb-ac6e7687a66e,94368fa4750d392c,BOOKED,2024-08-11,2024-08-12,OUT,EUR,-942.48,942.48,Liisa Jansen,Subscription renewal
624,4462ebfc-5f91-4ef0-9cfb-ac6e7687a66e,d8ff880cba27fea7,PENDING,,2024-08-12,IN,EUR,5866.1,5866.1,Elena Kowalski,Donation to charity
625,4462ebfc-5f91-4ef0-9cfb-ac6e7687a66e,e48e488fb5c031ce,BOOKED,2024-08-11,2024-08-12,IN,EUR,6865.2,6865.2,Carlos Kowalski,Salary August
626,4462ebfc-5f91-4ef0-9cfb-ac6e7687a66e,eb49fbe9a16af222,BOOKED,2024-08-10,2024-08-12,IN,EUR,4021.07,4021.07,Andres Jansen,Subscription renewal
627,4462ebfc-5f91-4ef0-9cfb-ac6e7687a66e,31eb0ff4b045f34b,BOOKED,2024-08-11,2024-08-13,IN,EUR,1837.54,1837.54,Clara Mueller,Freelance payment 7ZMOZ690
628,4462ebfc-5f91-4ef0-9cfb-ac6e7687a66e,aaf7a5f60694071e,PENDING,,2024-08-15,IN,EUR,3718.09,3718.09,Stefan Mets,Freelance payment 7BBUA0V0
629,4462ebfc-5f91-4ef0-9cfb-ac6e7687a66e,bbf54a862e57f98b,BOOKED,2024-08-15,2024-08-15,OUT,EUR,-2157.82,2157.82,Anna Dubois,Donation to charity
630,4462ebfc-5f91-4ef0-9cfb-ac6e7687a66e,4a42e7354eee97dc,BOOKED,2024-08-16,2024-08-16,OUT,EUR,-7674.65,7674.65,Jan Rossi,Freelance payment WP8BALW9
631,4462ebfc-5f91-4ef0-9cfb-ac6e7687a66e,6dd8f58bd7dad0a6,BOOKED,2024-08-15,2024-08-16,IN,EUR,7376.81,7376.81,Ingrid Kuusk,Utility bill August
632,4462ebfc-5f91-4ef0-9cfb-ac6e7687a66e,fa42933ea78b5740,BOOKED,2024-08-14,2024-08-16,IN,EUR,2505.86,2505.86,Liisa Smith,Service fee
633,4462ebfc-5f91-4ef0-9cfb-ac6e7687a66e,cb3b962937950b02,BOOKED,2024-08-17,2024-08-17,OUT,EUR,-3895.92,3895.92,Stefan Oja,Transfer to savings
634,4462ebfc-5f91-4ef0-9cfb-ac6e7687a66e,78955102da597416,PENDING,,2024-08-18,OUT,EUR,-4659.93,4659.93,Viktor Smith,Service fee
635,4462ebfc-5f91-4ef0-9cfb-ac6e7687a66e,2a15719c91138d89,PENDING,,2024-08-19,IN,EUR,510.32,510.32,Emma Mets,Service fee
636,4462ebfc-5f91-4ef0-9cfb-ac6e7687a66e,f9e6f4fb9377e3cc,BOOKED,2024-08-18,2024-08-19,IN,EUR,4239.37,4239.37,Stefan Mets,Rent payment August
637,4462ebfc-5f91-4ef0-9cfb-ac6e7687a66e,00a3c1af9cce5d00,BOOKED,2024-08-19,2024-08-20,IN,EUR,5548.13,5548.13,Katrin Kowalski,Subscription renewal
638,4462ebfc-5f91-4ef0-9cfb-ac6e7687a66e,6f8a2d7a4e4b8a2f,BOOKED,2024-08-19,2024-08-20,IN,EUR,1095.38,1095.38,Clara Rossi,Rent payment August
639,4462ebfc-5f91-4ef0-9cfb-ac6e7687a66e,ab7d11138376e3a1,BOOKED,2024-08-18,2024-08-20,OUT,EUR,-6137.49,6137.49,Peeter Mets,Transfer to savings
640,4462ebfc-5f91-4ef0-9cfb-ac6e7687a66e,b6da3e888db25891,BOOKED,2024-08-19,2024-08-20,OUT,EUR,-2675.78,2675.78,Sophie Paju,Tax payment IKFPPJBG
641,4462ebfc-5f91-4ef0-9cfb-ac6e7687a66e,08c71885fa0827e1,BOOKED,2024-08-21,2024-08-21,IN,EUR,3579.38,3579.38,Julia Smith,Service fee
642,4462ebfc-5f91-4ef0-9cfb-ac6e7687a66e,34bfc94cba8742c9,BOOKED,2024-08-19,2024-08-21,OUT,EUR,-9639.55,9639.55,Sophie Nilsson,Loan repayment August
643,4462ebfc-5f91-4ef0-9cfb-ac6e7687a66e,cf32dcd13a1552e3,BOOKED,2024-08-19,2024-08-21,IN,EUR,8684.06,8684.06,Carlos Berg,Subscription renewal
644,4462ebfc-5f91-4ef0-9cfb-ac6e7687a66e,107ac2e82801f48b,BOOKED,2024-08-21,2024-08-22,IN,EUR,1320.7,1320.7,Andres Kuusk,Insurance premium Q3
645,4462ebfc-5f91-4ef0-9cfb-ac6e7687a66e,b2c21d0a3a382963,PENDING,,2024-08-23,OUT,EUR,-2938.23,2938.23,Viktor Tamm,Online purchase FVFSZY1W
646,4462ebfc-5f91-4ef0-9cfb-ac6e7687a66e,0a6f9b1d178b3935,BOOKED,2024-08-23,2024-08-24,OUT,EUR,-4399.89,4399.89,Mart Nilsson,Loan repayment August
647,4462ebfc-5f91-4ef0-9cfb-ac6e7687a66e,de2968149900a365,BOOKED,2024-08-23,2024-08-24,IN,EUR,6764.56,6764.56,Liisa Dubois,Rent payment August
648,4462ebfc-5f91-4ef0-9cfb-ac6e7687a66e,f8a4d4d56fb0aea3,BOOKED,2024-08-23,2024-08-24,IN,EUR,588,588,Olivia Smith,Rent payment August
649,4462ebfc-5f91-4ef0-9cfb-ac6e7687a66e,187d2d661001194d,PENDING,,2024-08-25,IN,EUR,5987.53,5987.53,Peeter Mueller,Rent payment August
650,4462ebfc-5f91-4ef0-9cfb-ac6e7687a66e,15ccf1dad0803d66,BOOKED,2024-08-25,2024-08-26,IN,EUR,2345.84,2345.84,Liisa Mueller,Invoice Z15SOMAF
651,4462ebfc-5f91-4ef0-9cfb-ac6e7687a66e,1dfc655041b6bea8,BOOKED,2024-08-26,2024-08-26,OUT,EUR,-8951.45,8951.45,Marie Jansen,Insurance premium Q3
652,4462ebfc-5f91-4ef0-9cfb-ac6e7687a66e,ca2fc1c796bfdb6a,BOOKED,2024-08-24,2024-08-26,OUT,EUR,-117.87,117.87,Ingrid Nilsson,Insurance premium Q3
653,4462ebfc-5f91-4ef0-9cfb-ac6e7687a66e,09a2c6d5cd0ede11,PENDING,,2024-08-27,IN,EUR,6178.29,6178.29,Jan Oja,Donation to charity
654,4462ebfc-5f91-4ef0-9cfb-ac6e7687a66e,c60140baa6617e2f,PENDING,,2024-08-27,OUT,EUR,-6347.5,6347.5,Peeter Nilsson,Subscription renewal
655,4462ebfc-5f91-4ef0-9cfb-ac6e7687a66e,6237d950c58ff8d3,BOOKED,2024-08-27,2024-08-28,OUT,EUR,-1674.69,1674.69,Sophie Mets,Rent payment August
656,4462ebfc-5f91-4ef0-9cfb-ac6e7687a66e,7ec2df4665da5878,BOOKED,2024-08-26,2024-08-28,IN,EUR,127.42,127.42,Emma Smith,Salary August
657,4462ebfc-5f91-4ef0-9cfb-ac6e7687a66e,9ace910e96480e7d,PENDING,,2024-08-28,IN,EUR,6347.86,6347.86,Katrin Mueller,Online purchase MQBX7YL6
658,4462ebfc-5f91-4ef0-9cfb-ac6e7687a66e,3a61609a0cb22db1,BOOKED,2024-08-29,2024-08-29,OUT,EUR,-6183.56,6183.56,Luca Lepp,Grocery store purchase
659,4462ebfc-5f91-4ef0-9cfb-ac6e7687a66e,45ca4c9ea43d9c0d,BOOKED,2024-08-29,2024-08-29,IN,EUR,6033.21,6033.21,Stefan Mueller,Tax payment NAFRO5SC
660,4462ebfc-5f91-4ef0-9cfb-ac6e7687a66e,75df7bd7eb8b78f3,BOOKED,2024-08-28,2024-08-29,OUT,EUR,-2604.36,2604.36,Felix Smith,Donation to charity
661,4462ebfc-5f91-4ef0-9cfb-ac6e7687a66e,b51cf4bae547a727,BOOKED,2024-08-29,2024-08-29,IN,EUR,2342.37,2342.37,Liisa Tamm,Insurance premium Q3
662,4462ebfc-5f91-4ef0-9cfb-ac6e7687a66e,df601c016075d140,BOOKED,2024-08-28,2024-08-30,IN,EUR,2284.64,2284.64,Luca Jansen,Grocery store purchase
663,4462ebfc-5f91-4ef0-9cfb-ac6e7687a66e,1139884b11d3c94d,BOOKED,2024-08-31,2024-08-31,IN,EUR,804.79,804.79,Ingrid Oja,Loan repayment August
664,4462ebfc-5f91-4ef0-9cfb-ac6e7687a66e,11d0af8155597888,BOOKED,2024-08-29,2024-08-31,IN,EUR,6483.78,6483.78,Katrin Lepp,Utility bill August
665,4462ebfc-5f91-4ef0-9cfb-ac6e7687a66e,396913f667c640ad,BOOKED,2024-08-30,2024-08-31,OUT,EUR,-1853.43,1853.43,Carlos Kowalski,Loan repayment August
666,4462ebfc-5f91-4ef0-9cfb-ac6e7687a66e,7a0ac3eddea4d313,BOOKED,2024-08-30,2024-08-31,OUT,EUR,-7749.43,7749.43,Viktor Rossi,Tax payment DQHI7PX4
667,4462ebfc-5f91-4ef0-9cfb-ac6e7687a66e,a914ad1e75dce43d,BOOKED,2024-08-29,2024-08-31,IN,EUR,4347.35,4347.35,Marie Kask,Donation to charity
668,4462ebfc-5f91-4ef0-9cfb-ac6e7687a66e,234feba28a43794f,BOOKED,2024-08-30,2024-09-01,IN,EUR,1090.62,1090.62,Olivia Dubois,Tax payment FPG3Z3EF
669,4462ebfc-5f91-4ef0-9cfb-ac6e7687a66e,7918eed135e10387,PENDING,,2024-09-01,OUT,EUR,-8669.9,8669.9,Stefan Lepp,Online purchase MF154PUC
670,4462ebfc-5f91-4ef0-9cfb-ac6e7687a66e,e434e5754dcd8ac4,BOOKED,2024-09-01,2024-09-01,IN,EUR,1084.62,1084.62,Elena Rossi,Freelance payment 8SU9IXO6
671,4462ebfc-5f91-4ef0-9cfb-ac6e7687a66e,e474ed987941a63b,BOOKED,2024-08-30,2024-09-01,OUT,EUR,-364.78,364.78,Clara Lepp,Grocery store purchase
672,4462ebfc-5f91-4ef0-9cfb-ac6e7687a66e,0bf16fcccbff32ee,PENDING,,2024-09-02,IN,EUR,956.97,956.97,Jan Dubois,Online purchase FUMU5ZUW
673,4462ebfc-5f91-4ef0-9cfb-ac6e7687a66e,772f6395e9a7427d,BOOKED,2024-09-03,2024-09-03,OUT,EUR,-5136.98,5136.98,Peeter Smith,Insurance premium Q3
674,4462ebfc-5f91-4ef0-9cfb-ac6e7687a66e,0ec594b90a5e2a53,BOOKED,2024-09-03,2024-09-04,OUT,EUR,-5924.34,5924.34,Liisa Oja,Grocery store purchase
675,4462ebfc-5f91-4ef0-9cfb-ac6e7687a66e,a2718d25861ba4ba,PENDING,,2024-09-04,OUT,EUR,-229.28,229.28,Olivia Tamm,Tax payment 1QZNZHZ4
676,4462ebfc-5f91-4ef0-9cfb-ac6e7687a66e,a4d1c0bb2dbe5a5c,BOOKED,2024-09-04,2024-09-04,OUT,EUR,-765.57,765.57,Felix Dubois,Insurance premium Q3
677,4462ebfc-5f91-4ef0-9cfb-ac6e7687a66e,af450de02f9e555b,BOOKED,2024-09-02,2024-09-04,IN,EUR,7720.52,7720.52,Elena Dubois,Grocery store purchase
678,4462ebfc-5f91-4ef0-9cfb-ac6e7687a66e,08e517e1ff16e611,BOOKED,2024-09-04,2024-09-05,OUT,EUR,-1201.72,1201.72,Laura Lepp,Service fee
679,4462ebfc-5f91-4ef0-9cfb-ac6e7687a66e,361b1746d7593b6e,BOOKED,2024-09-05,2024-09-05,IN,EUR,3631.07,3631.07,Marie Kowalski,Utility bill September
680,4462ebfc-5f91-4ef0-9cfb-ac6e7687a66e,aa1412ee9b5daa53,BOOKED,2024-09-03,2024-09-05,IN,EUR,9177.25,9177.25,Ingrid Nilsson,Online purchase HPV8916J
681,4462ebfc-5f91-4ef0-9cfb-ac6e7687a66e,d6d7890fb76154c9,BOOKED,2024-09-04,2024-09-05,OUT,EUR,-7275.12,7275.12,Sophie Mueller,Service fee
682,4462ebfc-5f91-4ef0-9cfb-ac6e7687a66e,ef100e8196c9178c,BOOKED,2024-09-03,2024-09-05,IN,EUR,6074.43,6074.43,Olivia Lepp,Grocery store purchase
683,4462ebfc-5f91-4ef0-9cfb-ac6e7687a66e,11f3c3c0a141af02,BOOKED,2024-09-05,2024-09-06,IN,EUR,5356.99,5356.99,Tomas Kuusk,Donation to charity
684,4462ebfc-5f91-4ef0-9cfb-ac6e7687a66e,3fd25c7ae5097545,BOOKED,2024-09-05,2024-09-06,IN,EUR,8233.44,8233.44,Sophie Mueller,Insurance premium Q3
685,4462ebfc-5f91-4ef0-9cfb-ac6e7687a66e,409a39465f34ebdd,PENDING,,2024-09-06,OUT,EUR,-9001.39,9001.39,Emma Dubois,Loan repayment September
686,4462ebfc-5f91-4ef0-9cfb-ac6e7687a66e,cb44e2278e7400d5,BOOKED,2024-09-04,2024-09-06,OUT,EUR,-2609.48,2609.48,Tomas Berg,Subscription renewal
687,4462ebfc-5f91-4ef0-9cfb-ac6e7687a66e,08522f316bce1078,PENDING,,2024-09-07,OUT,EUR,-1048.46,1048.46,Henrik Rossi,Salary September
688,4462ebfc-5f91-4ef0-9cfb-ac6e7687a66e,96ae632a6274628b,PENDING,,2024-09-07,OUT,EUR,-8386.46,8386.46,Markus Mets,Salary September
689,4462ebfc-5f91-4ef0-9cfb-ac6e7687a66e,e1ae3b17ecd91b8c,BOOKED,2024-09-08,2024-09-08,OUT,EUR,-8258.36,8258.36,Jan Jansen,Salary September
690,4462ebfc-5f91-4ef0-9cfb-ac6e7687a66e,2d668c0a6ba1f256,BOOKED,2024-09-08,2024-09-09,IN,EUR,4513.01,4513.01,Sophie Kuusk,Freelance payment 4MJDVS4P
691,4462ebfc-5f91-4ef0-9cfb-ac6e7687a66e,5f68dd40626d6184,PENDING,,2024-09-09,IN,EUR,4630.83,4630.83,Carlos Jansen,Loan repayment September
692,4462ebfc-5f91-4ef0-9cfb-ac6e7687a66e,61523be097f72c23,BOOKED,2024-09-09,2024-09-09,OUT,EUR,-323.88,323.88,Clara Jansen,Subscription renewal
693,4462ebfc-5f91-4ef0-9cfb-ac6e7687a66e,8da19718158efcde,BOOKED,2024-09-10,2024-09-10,IN,EUR,6745.22,6745.22,Liisa Nilsson,Transfer to savings
694,4462ebfc-5f91-4ef0-9cfb-ac6e7687a66e,25101be01759ac60,BOOKED,2024-09-10,2024-09-11,IN,EUR,3724.49,3724.49,Sophie Kuusk,Invoice C4UH3KEK
695,4462ebfc-5f91-4ef0-9cfb-ac6e7687a66e,2ab52822f103a79d,PENDING,,2024-09-11,IN,EUR,1459.63,1459.63,Markus Tamm,Transfer to savings
696,4462ebfc-5f91-4ef0-9cfb-ac6e7687a66e,4076d5886b746853,PENDING,,2024-09-11,OUT,EUR,-4382.23,4382.23,Laura Jansen,Freelance payment Z1ZPJI3P
697,4462ebfc-5f91-4ef0-9cfb-ac6e7687a66e,59137b286638fbe5,PENDING,,2024-09-11,IN,EUR,8505.1,8505.1,Liisa Nilsson,Refund order S12XH97F
698,4462ebfc-5f91-4ef0-9cfb-ac6e7687a66e,943b60626acf0edc,PENDING,,2024-09-11,IN,EUR,6155.25,6155.25,Tomas Berg,Grocery store purchase
699,4462ebfc-5f91-4ef0-9cfb-ac6e7687a66e,d1b55eb9de6aac96,BOOKED,2024-09-09,2024-09-11,IN,EUR,4201.65,4201.65,Sophie Jansen,Tax payment YV1DM5VQ
700,4462ebfc-5f91-4ef0-9cfb-ac6e7687a66e,88abe9a65815e5f0,BOOKED,2024-09-11,2024-09-12,OUT,EUR,-3801.78,3801.78,Stefan Kask,Refund order 469Q1XCB
701,4462ebfc-5f91-4ef0-9cfb-ac6e7687a66e,c04c3866dd5022c9,BOOKED,2024-09-12,2024-09-12,IN,EUR,7518.31,7518.31,Markus Mets,Rent payment September
702,4462ebfc-5f91-4ef0-9cfb-ac6e7687a66e,2a342260288a4fbf,BOOKED,2024-09-13,2024-09-13,OUT,EUR,-3951.15,3951.15,Sophie Mets,Salary September
703,4462ebfc-5f91-4ef0-9cfb-ac6e7687a66e,462fdc3a1a8481b5,BOOKED,2024-09-12,2024-09-13,OUT,EUR,-3889.78,3889.78,Stefan Oja,Transfer to savings
704,4462ebfc-5f91-4ef0-9cfb-ac6e7687a66e,71da72c695f8da8f,BOOKED,2024-09-11,2024-09-13,IN,EUR,8771.21,8771.21,Liisa Kuusk,Donation to charity
705,4462ebfc-5f91-4ef0-9cfb-ac6e7687a66e,88d6e919364ae5d6,BOOKED,2024-09-14,2024-09-14,OUT,EUR,-7169.46,7169.46,Tomas Jansen,Subscription renewal
706,4462ebfc-5f91-4ef0-9cfb-ac6e7687a66e,e538b771991c045c,BOOKED,2024-09-14,2024-09-14,OUT,EUR,-5866.04,5866.04,Sophie Jansen,Salary September
707,4462ebfc-5f91-4ef0-9cfb-ac6e7687a66e,8632d3766a4ccbfe,BOOKED,2024-09-13,2024-09-15,IN,EUR,570.6,570.6,Felix Berg,Utility bill September
708,4462ebfc-5f91-4ef0-9cfb-ac6e7687a66e,902b73976325fa65,PENDING,,2024-09-15,OUT,EUR,-1129.02,1129.02,Olivia Saar,Subscription renewal
709,4462ebfc-5f91-4ef0-9cfb-ac6e7687a66e,99ab3604eaf358b7,BOOKED,2024-09-14,2024-09-15,OUT,EUR,-8710.99,8710.99,Anna Oja,Utility bill September
710,4462ebfc-5f91-4ef0-9cfb-ac6e7687a66e,eacc39c5a6cee0f9,BOOKED,2024-09-14,2024-09-15,OUT,EUR,-3897.9,3897.9,Sophie Berg,Refund order UDWRKQLG
711,4462ebfc-5f91-4ef0-9cfb-ac6e7687a66e,13d3ca0478c8c05b,BOOKED,2024-09-15,2024-09-16,IN,EUR,4457.57,4457.57,Laura Paju,Utility bill September
712,4462ebfc-5f91-4ef0-9cfb-ac6e7687a66e,1c974fb89c10dc75,BOOKED,2024-09-15,2024-09-16,OUT,EUR,-510.98,510.98,Emma Nilsson,Service fee
713,4462ebfc-5f91-4ef0-9cfb-ac6e7687a66e,5b3842c1f8b01bd2,BOOKED,2024-09-14,2024-09-16,OUT,EUR,-3270.2,3270.2,Henrik Nilsson,Invoice FKFD7LHC
714,4462ebfc-5f91-4ef0-9cfb-ac6e7687a66e,eb6aa6f445e2243d,BOOKED,2024-09-16,2024-09-16,IN,EUR,5802.1,5802.1,Carlos Lepp,Transfer to savings
715,4462ebfc-5f91-4ef0-9cfb-ac6e7687a66e,68f20c616fbd47a3,BOOKED,2024-09-16,2024-09-17,IN,EUR,8780.83,8780.83,Carlos Mets,Salary September
716,4462ebfc-5f91-4ef0-9cfb-ac6e7687a66e,8ae402b77ea54eef,BOOKED,2024-09-15,2024-09-17,IN,EUR,1662.4,1662.4,Felix Kuusk,Refund order 6KFJIFXE
717,4462ebfc-5f91-4ef0-9cfb-ac6e7687a66e,a29c40433c0ba0af,BOOKED,2024-09-16,2024-09-17,IN,EUR,8764.52,8764.52,Sophie Jansen,Utility bill September
718,4462ebfc-5f91-4ef0-9cfb-ac6e7687a66e,3c98e1efc14b7528,PENDING,,2024-09-18,OUT,EUR,-115.42,115.42,Jan Nilsson,Freelance payment F3OY11TR
719,4462ebfc-5f91-4ef0-9cfb-ac6e7687a66e,7efec4f3588dd79e,BOOKED,2024-09-20,2024-09-20,OUT,EUR,-1740.2,1740.2,Felix Mueller,Invoice 6KQ5ROYH
720,4462ebfc-5f91-4ef0-9cfb-ac6e7687a66e,98875f0abff55c9c,PENDING,,2024-09-20,OUT,EUR,-7104.62,7104.62,Marie Kuusk,Salary September
721,4462ebfc-5f91-4ef0-9cfb-ac6e7687a66e,c643fb6a4dd5eaee,BOOKED,2024-09-20,2024-09-20,IN,EUR,2604.63,2604.63,Peeter Kowalski,Invoice C1RDD3L0
722,4462ebfc-5f91-4ef0-9cfb-ac6e7687a66e,148acd53910de442,BOOKED,2024-09-20,2024-09-21,IN,EUR,9914.79,9914.79,Carlos Berg,Freelance payment DCOK2BTG
723,4462ebfc-5f91-4ef0-9cfb-ac6e7687a66e,729afeb7f848b73a,BOOKED,2024-09-19,2024-09-21,IN,EUR,1477.56,1477.56,Jan Kowalski,Invoice YWFN3E2N
724,4462ebfc-5f91-4ef0-9cfb-ac6e7687a66e,86d9403117f8423e,BOOKED,2024-09-21,2024-09-21,OUT,EUR,-2460.94,2460.94,Julia Mueller,Insurance premium Q3
725,4462ebfc-5f91-4ef0-9cfb-ac6e7687a66e,bda788b2670c1011,BOOKED,2024-09-20,2024-09-21,IN,EUR,8477.96,8477.96,Liisa Rossi,Rent payment September
726,4462ebfc-5f91-4ef0-9cfb-ac6e7687a66e,e6bbc736f13e98f4,BOOKED,2024-09-21,2024-09-21,IN,EUR,6764.78,6764.78,Sophie Smith,Service fee
727,4462ebfc-5f91-4ef0-9cfb-ac6e7687a66e,c6e4c9dd0e34ab96,BOOKED,2024-09-20,2024-09-22,IN,EUR,1110.6,1110.6,Markus Saar,Insurance premium Q3
728,4462ebfc-5f91-4ef0-9cfb-ac6e7687a66e,493e75e49dfd260f,BOOKED,2024-09-22,2024-09-23,IN,EUR,3849.7,3849.7,Ingrid Dubois,Insurance premium Q3
729,4462ebfc-5f91-4ef0-9cfb-ac6e7687a66e,58442ca7830241a8,BOOKED,2024-09-22,2024-09-23,IN,EUR,4167.72,4167.72,Ingrid Oja,Grocery store purchase
730,4462ebfc-5f91-4ef0-9cfb-ac6e7687a66e,7419f222f354a167,BOOKED,2024-09-23,2024-09-23,IN,EUR,6530.13,6530.13,Andres Smith,Tax payment 5ACY2ZA7
731,4462ebfc-5f91-4ef0-9cfb-ac6e7687a66e,ec5d3271052c765c,BOOKED,2024-09-21,2024-09-23,OUT,EUR,-716.62,716.62,Peeter Saar,Freelance payment GOFFQI1H
732,4462ebfc-5f91-4ef0-9cfb-ac6e7687a66e,714c85b57349b06d,BOOKED,2024-09-22,2024-09-24,IN,EUR,8165.98,8165.98,Emma Nilsson,Rent payment September
733,4462ebfc-5f91-4ef0-9cfb-ac6e7687a66e,8878a5be42b69f7f,BOOKED,2024-09-22,2024-09-24,OUT,EUR,-9441.39,9441.39,Laura Jansen,Utility bill September
734,4462ebfc-5f91-4ef0-9cfb-ac6e7687a66e,e1cf0ca878ec8644,BOOKED,2024-09-22,2024-09-24,IN,EUR,1037.59,1037.59,Tomas Lepp,Utility bill September
735,4462ebfc-5f91-4ef0-9cfb-ac6e7687a66e,644cc950a8203ab5,BOOKED,2024-09-24,2024-09-25,IN,EUR,952.43,952.43,Markus Berg,Loan repayment September
736,4462ebfc-5f91-4ef0-9cfb-ac6e7687a66e,974077e1b67a0c1b,PENDING,,2024-09-25,IN,EUR,9630.87,9630.87,Felix Dubois,Refund order 8PG16PPK
737,4462ebfc-5f91-4ef0-9cfb-ac6e7687a66e,b1f95f61f0b78318,BOOKED,2024-09-23,2024-09-25,IN,EUR,5723.84,5723.84,Anna Paju,Transfer to savings
738,4462ebfc-5f91-4ef0-9cfb-ac6e7687a66e,0c3c7de418260d77,BOOKED,2024-09-26,2024-09-26,OUT,EUR,-9196.08,9196.08,Stefan Dubois,Grocery store purchase
739,4462ebfc-5f91-4ef0-9cfb-ac6e7687a66e,522ef334eaa0a915,BOOKED,2024-09-25,2024-09-26,IN,EUR,2932.69,2932.69,Anna Smith,Rent payment September
740,4462ebfc-5f91-4ef0-9cfb-ac6e7687a66e,5ccb1c06e2077f12,BOOKED,2024-09-25,2024-09-26,IN,EUR,3975.49,3975.49,Elena Kowalski,Loan repayment September
741,4462ebfc-5f91-4ef0-9cfb-ac6e7687a66e,bd68dc3703852246,PENDING,,2024-09-26,OUT,EUR,-8004.21,8004.21,Felix Tamm,Utility bill September
742,4462ebfc-5f91-4ef0-9cfb-ac6e7687a66e,02fb776f44748fa1,BOOKED,2024-09-25,2024-09-27,OUT,EUR,-2824.79,2824.79,Marie Oja,Transfer to savings
743,4462ebfc-5f91-4ef0-9cfb-ac6e7687a66e,40fde75785eca90e,BOOKED,2024-09-27,2024-09-27,IN,EUR,2073.29,2073.29,Andres Smith,Refund order B6Q9UZUG
744,4462ebfc-5f91-4ef0-9cfb-ac6e7687a66e,4e9b50de3dbc751e,BOOKED,2024-09-26,2024-09-27,IN,EUR,2599.99,2599.99,Luca Smith,Freelance payment LPI2OG1X
745,4462ebfc-5f91-4ef0-9cfb-ac6e7687a66e,93eacabbd4be42c1,BOOKED,2024-09-25,2024-09-27,OUT,EUR,-4843.26,4843.26,Laura Jansen,Insurance premium Q3
746,4462ebfc-5f91-4ef0-9cfb-ac6e7687a66e,0652b7675f9aebdb,BOOKED,2024-09-26,2024-09-28,OUT,EUR,-2007.39,2007.39,Tomas Tamm,Refund order 3VI3RTZ0
747,4462ebfc-5f91-4ef0-9cfb-ac6e7687a66e,18d30442ebcb0a9d,BOOKED,2024-09-27,2024-09-28,OUT,EUR,-8885.57,8885.57,Mart Mets,Rent payment September
748,4462ebfc-5f91-4ef0-9cfb-ac6e7687a66e,3df6e960c390ff13,BOOKED,2024-09-28,2024-09-28,IN,EUR,8780.35,8780.35,Henrik Mets,Donation to charity
749,4462ebfc-5f91-4ef0-9cfb-ac6e7687a66e,471da9b6f2be6fbf,BOOKED,2024-09-28,2024-09-28,OUT,EUR,-5722.92,5722.92,Viktor Jansen,Loan repayment September
750,4462ebfc-5f91-4ef0-9cfb-ac6e7687a66e,fdd786b6c84a9f01,BOOKED,2024-09-26,2024-09-28,OUT,EUR,-248.99,248.99,Laura Tamm,Rent payment September
751,4462ebfc-5f91-4ef0-9cfb-ac6e7687a66e,071a1e235ca68d30,BOOKED,2024-09-27,2024-09-29,OUT,EUR,-6105.03,6105.03,Peeter Kask,Subscription renewal
752,4462ebfc-5f91-4ef0-9cfb-ac6e7687a66e,74a712f07512d968,BOOKED,2024-09-29,2024-09-29,IN,EUR,5235.85,5235.85,Emma Mueller,Rent payment September
753,4462ebfc-5f91-4ef0-9cfb-ac6e7687a66e,ebce438d53528020,PENDING,,2024-09-29,OUT,EUR,-509.1,509.1,Laura Dubois,Freelance payment EMMG0OJZ
754,4462ebfc-5f91-4ef0-9cfb-ac6e7687a66e,10fb30197321afe2,BOOKED,2024-09-28,2024-09-30,IN,EUR,6728.64,6728.64,Marie Berg,Subscription renewal
755,4462ebfc-5f91-4ef0-9cfb-ac6e7687a66e,1d32aaf40ea8f107,BOOKED,2024-09-30,2024-09-30,OUT,EUR,-5486.01,5486.01,Markus Kowalski,Transfer to savings
756,4462ebfc-5f91-4ef0-9cfb-ac6e7687a66e,2d614dcdd7c35796,BOOKED,2024-09-29,2024-09-30,IN,EUR,6440.36,6440.36,Stefan Jansen,Insurance premium Q3
757,4462ebfc-5f91-4ef0-9cfb-ac6e7687a66e,765951d0ce824250,BOOKED,2024-09-28,2024-09-30,IN,EUR,4894.36,4894.36,Ingrid Mueller,Invoice X3JY59I7
758,4462ebfc-5f91-4ef0-9cfb-ac6e7687a66e,91033a384596da92,BOOKED,2024-09-30,2024-09-30,IN,EUR,4527.42,4527.42,Liisa Lepp,Utility bill September
759,4462ebfc-5f91-4ef0-9cfb-ac6e7687a66e,c44b89b77c9441e3,BOOKED,2024-09-29,2024-09-30,OUT,EUR,-3074.81,3074.81,Sophie Nilsson,Online purchase 2RLOYEZ1
760,4462ebfc-5f91-4ef0-9cfb-ac6e7687a66e,38860df43cedde6e,PENDING,,2024-10-01,IN,EUR,1638.65,1638.65,Stefan Berg,Invoice TUP0JJW4
761,4462ebfc-5f91-4ef0-9cfb-ac6e7687a66e,d2d192c3919cac30,BOOKED,2024-09-29,2024-10-01,IN,EUR,4848.82,4848.82,Anna Mets,Transfer to savings
762,4462ebfc-5f91-4ef0-9cfb-ac6e7687a66e,fff8f061f89aed0d,BOOKED,2024-10-01,2024-10-01,IN,EUR,2622.19,2622.19,Luca Kuusk,Freelance payment V2CPKGSU
763,4462ebfc-5f91-4ef0-9cfb-ac6e7687a66e,898604b995528816,PENDING,,2024-10-02,IN,EUR,5222.86,5222.86,Ingrid Tamm,Freelance payment 5M1KLNHM
764,4462ebfc-5f91-4ef0-9cfb-ac6e7687a66e,39e8c3843bdedd24,BOOKED,2024-10-02,2024-10-03,IN,EUR,2636.89,2636.89,Emma Nilsson,Utility bill October
765,4462ebfc-5f91-4ef0-9cfb-ac6e7687a66e,3e1de4fa2757e68c,BOOKED,2024-10-02,2024-10-03,OUT,EUR,-9916.73,9916.73,Peeter Paju,Refund order 1OZ3PUJW
766,4462ebfc-5f91-4ef0-9cfb-ac6e7687a66e,7a748973272b3c15,BOOKED,2024-10-02,2024-10-03,IN,EUR,4953.39,4953.39,Markus Kask,Loan repayment October
767,4462ebfc-5f91-4ef0-9cfb-ac6e7687a66e,d93498cc91787b06,BOOKED,2024-10-03,2024-10-03,IN,EUR,4483.58,4483.58,Stefan Oja,Utility bill October
768,4462ebfc-5f91-4ef0-9cfb-ac6e7687a66e,e13bdb909a5cef61,BOOKED,2024-10-03,2024-10-03,OUT,EUR,-6493.5,6493.5,Olivia Mets,Invoice UWMMFCI3
769,4462ebfc-5f91-4ef0-9cfb-ac6e7687a66e,ec95c4e3840798c9,PENDING,,2024-10-03,OUT,EUR,-9702.34,9702.34,Clara Tamm,Insurance premium Q4
770,4462ebfc-5f91-4ef0-9cfb-ac6e7687a66e,eedcd7b473e82983,BOOKED,2024-10-03,2024-10-03,IN,EUR,582.76,582.76,Jan Rossi,Transfer to savings
771,4462ebfc-5f91-4ef0-9cfb-ac6e7687a66e,724ad154fc477c45,BOOKED,2024-10-04,2024-10-04,IN,EUR,6189.2,6189.2,Anna Jansen,Transfer to savings
772,4462ebfc-5f91-4ef0-9cfb-ac6e7687a66e,0d058b2169e8714c,PENDING,,2024-10-05,OUT,EUR,-5387.92,5387.92,Luca Kask,Loan repayment October
773,4462ebfc-5f91-4ef0-9cfb-ac6e7687a66e,222e5539bdeca996,BOOKED,2024-10-05,2024-10-05,IN,EUR,8378.72,8378.72,Anna Kask,Invoice 0D99VJ7F
774,4462ebfc-5f91-4ef0-9cfb-ac6e7687a66e,faed638356eef7bd,BOOKED,2024-10-04,2024-10-05,OUT,EUR,-782.15,782.15,Markus Rossi,Insurance premium Q4
775,4462ebfc-5f91-4ef0-9cfb-ac6e7687a66e,fe48cf9e43c7be28,BOOKED,2024-10-04,2024-10-06,OUT,EUR,-1692.74,1692.74,Sophie Dubois,Transfer to savings
776,4462ebfc-5f91-4ef0-9cfb-ac6e7687a66e,04d5eddb244f542b,BOOKED,2024-10-07,2024-10-07,OUT,EUR,-5763.02,5763.02,Julia Kuusk,Salary October
777,4462ebfc-5f91-4ef0-9cfb-ac6e7687a66e,af36396e59e5dbde,BOOKED,2024-10-05,2024-10-07,OUT,EUR,-5043.18,5043.18,Carlos Tamm,Loan repayment October
778,4462ebfc-5f91-4ef0-9cfb-ac6e7687a66e,41536f52fb19b8d7,BOOKED,2024-10-08,2024-10-08,OUT,EUR,-3724.75,3724.75,Julia Kask,Service fee
779,4462ebfc-5f91-4ef0-9cfb-ac6e7687a66e,d32d57a6f8b97143,BOOKED,2024-10-06,2024-10-08,OUT,EUR,-5454.47,5454.47,Olivia Smith,Refund order E2LOCWR2
780,4462ebfc-5f91-4ef0-9cfb-ac6e7687a66e,e6cb087aeff33f07,BOOKED,2024-10-08,2024-10-08,OUT,EUR,-359.33,359.33,Mart Saar,Subscription renewal
781,4462ebfc-5f91-4ef0-9cfb-ac6e7687a66e,587fb3df720299d8,BOOKED,2024-10-07,2024-10-09,IN,EUR,7633.42,7633.42,Katrin Kask,Rent payment October
782,4462ebfc-5f91-4ef0-9cfb-ac6e7687a66e,cce59a0e91a4ee2e,BOOKED,2024-10-08,2024-10-09,OUT,EUR,-316.77,316.77,Clara Nilsson,Utility bill October
783,4462ebfc-5f91-4ef0-9cfb-ac6e7687a66e,e613a84c4c51264a,BOOKED,2024-10-09,2024-10-09,OUT,EUR,-469.26,469.26,Tomas Kuusk,Utility bill October
784,4462ebfc-5f91-4ef0-9cfb-ac6e7687a66e,f0a8a5cf565a0021,PENDING,,2024-10-09,OUT,EUR,-6092.84,6092.84,Emma Mets,Utility bill October
785,4462ebfc-5f91-4ef0-9cfb-ac6e7687a66e,1c29aae53f9f8d80,BOOKED,2024-10-08,2024-10-10,OUT,EUR,-5459.35,5459.35,Julia Berg,Salary October
786,4462ebfc-5f91-4ef0-9cfb-ac6e7687a66e,98f5dc44cad4eb8d,BOOKED,2024-10-08,2024-10-10,IN,EUR,840.49,840.49,Stefan Rossi,Insurance premium Q4
787,4462ebfc-5f91-4ef0-9cfb-ac6e7687a66e,cbac67466dedb222,BOOKED,2024-10-09,2024-10-10,IN,EUR,4941.03,4941.03,Clara Lepp,Online purchase EIX08YV7
788,4462ebfc-5f91-4ef0-9cfb-ac6e7687a66e,40d6fecb2e406861,PENDING,,2024-10-11,IN,EUR,1257.4,1257.4,Olivia Saar,Insurance premium Q4
789,4462ebfc-5f91-4ef0-9cfb-ac6e7687a66e,e704ed6af6013d1d,PENDING,,2024-10-11,OUT,EUR,-7368.7,7368.7,Katrin Saar,Transfer to savings
790,4462ebfc-5f91-4ef0-9cfb-ac6e7687a66e,29220f0895480e6c,BOOKED,2024-10-11,2024-10-12,IN,EUR,3947.61,3947.61,Stefan Jansen,Service fee
791,4462ebfc-5f91-4ef0-9cfb-ac6e7687a66e,988f76790179c0fa,BOOKED,2024-10-13,2024-10-13,OUT,EUR,-3095.35,3095.35,Andres Berg,Online purchase 04A5XNVW
792,4462ebfc-5f91-4ef0-9cfb-ac6e7687a66e,aa29103a9b64ad7d,BOOKED,2024-10-11,2024-10-13,OUT,EUR,-1028.2,1028.2,Mart Mueller,Grocery store purchase
793,4462ebfc-5f91-4ef0-9cfb-ac6e7687a66e,b33130f510728b9c,BOOKED,2024-10-13,2024-10-13,OUT,EUR,-321.46,321.46,Laura Nilsson,Subscription renewal
794,4462ebfc-5f91-4ef0-9cfb-ac6e7687a66e,11484f25113594d6,BOOKED,2024-10-14,2024-10-14,OUT,EUR,-2799.67,2799.67,Clara Oja,Invoice ULQXSZZU
795,4462ebfc-5f91-4ef0-9cfb-ac6e7687a66e,53012483e29ba0b3,BOOKED,2024-10-14,2024-10-14,IN,EUR,2721.02,2721.02,Olivia Berg,Loan repayment October
796,4462ebfc-5f91-4ef0-9cfb-ac6e7687a66e,53c0135d1c9ee959,PENDING,,2024-10-14,IN,EUR,3793.91,3793.91,Henrik Oja,Invoice 1TRGUEHZ
797,4462ebfc-5f91-4ef0-9cfb-ac6e7687a66e,59c931d0e0afd9ef,PENDING,,2024-10-14,IN,EUR,3775.08,3775.08,Sophie Nilsson,Service fee
798,4462ebfc-5f91-4ef0-9cfb-ac6e7687a66e,b642d4621c824973,BOOKED,2024-10-13,2024-10-14,IN,EUR,16.05,16.05,Mart Lepp,Utility bill October
799,4462ebfc-5f91-4ef0-9cfb-ac6e7687a66e,799500de04ce79d8,BOOKED,2024-10-15,2024-10-15,OUT,EUR,-8794.05,8794.05,Markus Kuusk,Rent payment October
800,4462ebfc-5f91-4ef0-9cfb-ac6e7687a66e,beb95ceed3327e22,BOOKED,2024-10-13,2024-10-15,OUT,EUR,-4204.46,4204.46,Jan Jansen,Rent payment October
801,4462ebfc-5f91-4ef0-9cfb-ac6e7687a66e,2a566ed0bcb7c97b,BOOKED,2024-10-14,2024-10-16,IN,EUR,1917.68,1917.68,Emma Mets,Donation to charity
802,4462ebfc-5f91-4ef0-9cfb-ac6e7687a66e,df4c7b3fd83b60f1,BOOKED,2024-10-16,2024-10-16,IN,EUR,5693.36,5693.36,Markus Lepp,Tax payment 02QTN4LR
803,4462ebfc-5f91-4ef0-9cfb-ac6e7687a66e,bce771da77acdf19,PENDING,,2024-10-17,OUT,EUR,-8030.75,8030.75,Laura Jansen,Insurance premium Q4
804,4462ebfc-5f91-4ef0-9cfb-ac6e7687a66e,7f9ba5dc3b7b798e,BOOKED,2024-10-18,2024-10-18,OUT,EUR,-6691.29,6691.29,Viktor Kask,Subscription renewal
805,4462ebfc-5f91-4ef0-9cfb-ac6e7687a66e,e39dcf4ea08fadea,BOOKED,2024-10-18,2024-10-18,IN,EUR,8820.08,8820.08,Ingrid Jansen,Insurance premium Q4
806,4462ebfc-5f91-4ef0-9cfb-ac6e7687a66e,fdacfe070f58799a,BOOKED,2024-10-17,2024-10-18,IN,EUR,5569.9,5569.9,Ingrid Kowalski,Refund order 3N692JUY
807,4462ebfc-5f91-4ef0-9cfb-ac6e7687a66e,83c4092c0e4e9a21,PENDING,,2024-10-19,OUT,EUR,-4086.61,4086.61,Sophie Saar,Loan repayment October
808,4462ebfc-5f91-4ef0-9cfb-ac6e7687a66e,085bcc098b4a235f,BOOKED,2024-10-18,2024-10-20,OUT,EUR,-5922.39,5922.39,Peeter Smith,Insurance premium Q4
809,4462ebfc-5f91-4ef0-9cfb-ac6e7687a66e,2c426e5b34885d72,BOOKED,2024-10-19,2024-10-20,OUT,EUR,-7758.49,7758.49,Mart Tamm,Online purchase XQVVJJ76
810,4462ebfc-5f91-4ef0-9cfb-ac6e7687a66e,4fde1d9f598a7925,BOOKED,2024-10-19,2024-10-20,OUT,EUR,-4316.12,4316.12,Peeter Kowalski,Utility bill October
811,4462ebfc-5f91-4ef0-9cfb-ac6e7687a66e,f27f74831213ff20,BOOKED,2024-10-20,2024-10-20,OUT,EUR,-4060.05,4060.05,Laura Berg,Insurance premium Q4
812,4462ebfc-5f91-4ef0-9cfb-ac6e7687a66e,2465466566e4cc56,BOOKED,2024-10-21,2024-10-21,IN,EUR,6832.21,6832.21,Markus Mueller,Grocery store purchase
813,4462ebfc-5f91-4ef0-9cfb-ac6e7687a66e,73bb6d4a45e85c6a,BOOKED,2024-10-20,2024-10-21,OUT,EUR,-267.87,267.87,Marie Kuusk,Insurance premium Q4
814,4462ebfc-5f91-4ef0-9cfb-ac6e7687a66e,659cd0f4c1ce46be,BOOKED,2024-10-20,2024-10-22,OUT,EUR,-2804.98,2804.98,Mart Nilsson,Insurance premium Q4
815,4462ebfc-5f91-4ef0-9cfb-ac6e7687a66e,77ef4b4f1c6f6eec,BOOKED,2024-10-20,2024-10-22,OUT,EUR,-3768.16,3768.16,Henrik Nilsson,Transfer to savings
816,4462ebfc-5f91-4ef0-9cfb-ac6e7687a66e,7cabf3e886cc2cd5,BOOKED,2024-10-22,2024-10-22,OUT,EUR,-7628.81,7628.81,Elena Saar,Service fee
817,4462ebfc-5f91-4ef0-9cfb-ac6e7687a66e,95c972dd08c667c8,BOOKED,2024-10-20,2024-10-22,IN,EUR,4921.4,4921.4,Emma Kowalski,Subscription renewal
818,4462ebfc-5f91-4ef0-9cfb-ac6e7687a66e,133e3ba1feb1330d,PENDING,,2024-10-23,OUT,EUR,-8628.41,8628.41,Viktor Paju,Utility bill October
819,4462ebfc-5f91-4ef0-9cfb-ac6e7687a66e,1f3106ec96bccc6b,BOOKED,2024-10-23,2024-10-23,OUT,EUR,-5707.67,5707.67,Liisa Kask,Online purchase 21RREHLL
820,4462ebfc-5f91-4ef0-9cfb-ac6e7687a66e,835d92a52b955f13,PENDING,,2024-10-23,OUT,EUR,-7643.38,7643.38,Carlos Lepp,Tax payment EHOTYZSY
821,4462ebfc-5f91-4ef0-9cfb-ac6e7687a66e,a785d0236f2e9721,PENDING,,2024-10-23,IN,EUR,2230.81,2230.81,Luca Berg,Invoice 8B7IYI7V
822,4462ebfc-5f91-4ef0-9cfb-ac6e7687a66e,b715f6f7d76cdaff,PENDING,,2024-10-23,IN,EUR,1745.15,1745.15,Andres Saar,Grocery store purchase
823,4462ebfc-5f91-4ef0-9cfb-ac6e7687a66e,fc376a9d61dbbd76,BOOKED,2024-10-21,2024-10-23,OUT,EUR,-9821.21,9821.21,Markus Nilsson,Insurance premium Q4
824,4462ebfc-5f91-4ef0-9cfb-ac6e7687a66e,09874ca0be7eaa65,BOOKED,2024-10-23,2024-10-24,OUT,EUR,-4071.45,4071.45,Olivia Saar,Rent payment October
825,4462ebfc-5f91-4ef0-9cfb-ac6e7687a66e,696fa9032b0b8467,BOOKED,2024-10-24,2024-10-25,OUT,EUR,-664.71,664.71,Viktor Tamm,Loan repayment October
826,4462ebfc-5f91-4ef0-9cfb-ac6e7687a66e,ea33d4b64fba8cd3,BOOKED,2024-10-25,2024-10-25,IN,EUR,9154.01,9154.01,Andres Saar,Service fee
827,4462ebfc-5f91-4ef0-9cfb-ac6e7687a66e,3511d560298a2b3f,BOOKED,2024-10-26,2024-10-26,IN,EUR,9538.63,9538.63,Elena Kask,Subscription renewal
828,4462ebfc-5f91-4ef0-9cfb-ac6e7687a66e,5f451f386ee4af24,BOOKED,2024-10-25,2024-10-26,IN,EUR,2742.93,2742.93,Viktor Rossi,Rent payment October
829,4462ebfc-5f91-4ef0-9cfb-ac6e7687a66e,6a6d93da05c999b3,BOOKED,2024-10-26,2024-10-26,OUT,EUR,-3736.94,3736.94,Peeter Berg,Utility bill October
830,4462ebfc-5f91-4ef0-9cfb-ac6e7687a66e,6dce006010560647,PENDING,,2024-10-26,OUT,EUR,-989.73,989.73,Luca Smith,Freelance payment 9AIZEARO
831,4462ebfc-5f91-4ef0-9cfb-ac6e7687a66e,1032ab39f7c83d4d,BOOKED,2024-10-27,2024-10-28,OUT,EUR,-3615.36,3615.36,Viktor Berg,Rent payment October
832,4462ebfc-5f91-4ef0-9cfb-ac6e7687a66e,50596be428a1554c,BOOKED,2024-10-28,2024-10-28,OUT,EUR,-7717.27,7717.27,Stefan Paju,Salary October
833,4462ebfc-5f91-4ef0-9cfb-ac6e7687a66e,4c3213ea1cad6e66,BOOKED,2024-10-28,2024-10-29,OUT,EUR,-1094.67,1094.67,Olivia Kuusk,Salary October
834,4462ebfc-5f91-4ef0-9cfb-ac6e7687a66e,754334b4193d7874,BOOKED,2024-10-28,2024-10-29,OUT,EUR,-9615.9,9615.9,Clara Berg,Utility bill October
835,4462ebfc-5f91-4ef0-9cfb-ac6e7687a66e,e3bc19622b1705b3,PENDING,,2024-10-29,IN,EUR,5339.87,5339.87,Katrin Rossi,Service fee
836,4462ebfc-5f91-4ef0-9cfb-ac6e7687a66e,09327834fb06cba9,PENDING,,2024-10-31,IN,EUR,5858.19,5858.19,Clara Kuusk,Tax payment JY5NT7J5
837,4462ebfc-5f91-4ef0-9cfb-ac6e7687a66e,a27d60de1c174838,BOOKED,2024-10-31,2024-10-31,IN,EUR,6846.46,6846.46,Katrin Smith,Utility bill October
838,4462ebfc-5f91-4ef0-9cfb-ac6e7687a66e,24607b1fdd817874,BOOKED,2024-11-01,2024-11-01,OUT,EUR,-6790.48,6790.48,Julia Oja,Salary November
839,4462ebfc-5f91-4ef0-9cfb-ac6e7687a66e,36c5b07c6ec21e8b,PENDING,,2024-11-02,IN,EUR,5333.63,5333.63,Julia Rossi,Invoice 3SD1HQ3S
840,4462ebfc-5f91-4ef0-9cfb-ac6e7687a66e,3aa55b1f15a1aba3,BOOKED,2024-11-01,2024-11-02,IN,EUR,5316.72,5316.72,Mart Nilsson,Invoice 8Q1167VE
841,4462ebfc-5f91-4ef0-9cfb-ac6e7687a66e,6f46eee7866331b1,BOOKED,2024-11-01,2024-11-02,IN,EUR,4553.55,4553.55,Peeter Lepp,Grocery store purchase
842,4462ebfc-5f91-4ef0-9cfb-ac6e7687a66e,8c9883070a0264c9,PENDING,,2024-11-02,OUT,EUR,-9964.49,9964.49,Elena Paju,Freelance payment H8JKSCA9
843,4462ebfc-5f91-4ef0-9cfb-ac6e7687a66e,a72b6ccf4e8058c7,BOOKED,2024-10-31,2024-11-02,OUT,EUR,-6088.5,6088.5,Sophie Nilsson,Grocery store purchase
844,4462ebfc-5f91-4ef0-9cfb-ac6e7687a66e,b04f0241a168f96a,BOOKED,2024-11-02,2024-11-03,IN,EUR,1109.77,1109.77,Anna Tamm,Donation to charity
845,4462ebfc-5f91-4ef0-9cfb-ac6e7687a66e,e9f212b47577a394,BOOKED,2024-11-03,2024-11-03,IN,EUR,1168.59,1168.59,Elena Jansen,Invoice 8HSAPLOF
846,4462ebfc-5f91-4ef0-9cfb-ac6e7687a66e,0519478edd25ffe4,BOOKED,2024-11-02,2024-11-04,OUT,EUR,-8873.03,8873.03,Sophie Paju,Tax payment PJFGLGV1
847,4462ebfc-5f91-4ef0-9cfb-ac6e7687a66e,7b3c4dc21f18bfac,BOOKED,2024-11-04,2024-11-04,IN,EUR,8588.23,8588.23,Peeter Kowalski,Rent payment November
848,4462ebfc-5f91-4ef0-9cfb-ac6e7687a66e,bab8e03b902ff642,BOOKED,2024-11-04,2024-11-04,OUT,EUR,-5465.93,5465.93,Felix Lepp,Insurance premium Q4
849,4462ebfc-5f91-4ef0-9cfb-ac6e7687a66e,1b3d0c5185ba34a7,BOOKED,2024-11-04,2024-11-05,OUT,EUR,-5191.81,5191.81,Olivia Dubois,Insurance premium Q4
850,4462ebfc-5f91-4ef0-9cfb-ac6e7687a66e,3fd331bcc80db2e2,PENDING,,2024-11-05,OUT,EUR,-5975.88,5975.88,Tomas Dubois,Rent payment November
851,4462ebfc-5f91-4ef0-9cfb-ac6e7687a66e,505b44875ccaa435,BOOKED,2024-11-04,2024-11-05,OUT,EUR,-1181.36,1181.36,Andres Paju,Utility bill November
852,4462ebfc-5f91-4ef0-9cfb-ac6e7687a66e,cbb5cbf004629353,BOOKED,2024-11-03,2024-11-05,IN,EUR,8903.87,8903.87,Stefan Kask,Refund order 98EB94OX
853,4462ebfc-5f91-4ef0-9cfb-ac6e7687a66e,1f4c8b121f00bd9e,BOOKED,2024-11-06,2024-11-06,OUT,EUR,-3863.12,3863.12,Luca Paju,Salary November
854,4462ebfc-5f91-4ef0-9cfb-ac6e7687a66e,23854efab80de58e,BOOKED,2024-11-05,2024-11-06,IN,EUR,4474.55,4474.55,Henrik Kowalski,Loan repayment November
855,4462ebfc-5f91-4ef0-9cfb-ac6e7687a66e,81c179bb7f215a8e,PENDING,,2024-11-06,OUT,EUR,-7975.57,7975.57,Luca Kask,Invoice 2RFKF8NH
856,4462ebfc-5f91-4ef0-9cfb-ac6e7687a66e,a28b1ec0ca632cf4,BOOKED,2024-11-05,2024-11-06,IN,EUR,7353.36,7353.36,Mart Lepp,Grocery store purchase
857,4462ebfc-5f91-4ef0-9cfb-ac6e7687a66e,e140f49c5acd2788,BOOKED,2024-11-06,2024-11-06,IN,EUR,3107.6,3107.6,Henrik Kowalski,Grocery store purchase
858,4462ebfc-5f91-4ef0-9cfb-ac6e7687a66e,242d90351a0c369b,PENDING,,2024-11-07,OUT,EUR,-5435.2,5435.2,Marie Jansen,Refund order 7O2KJ3PY
859,4462ebfc-5f91-4ef0-9cfb-ac6e7687a66e,b0302f8e5c2e5f4d,PENDING,,2024-11-07,OUT,EUR,-8029.77,8029.77,Katrin Jansen,Donation to charity
860,4462ebfc-5f91-4ef0-9cfb-ac6e7687a66e,8ece12924089ea08,BOOKED,2024-11-07,2024-11-08,OUT,EUR,-7589.89,7589.89,Henrik Lepp,Freelance payment E5EBI6E4
861,4462ebfc-5f91-4ef0-9cfb-ac6e7687a66e,b54ba20c9787f10e,BOOKED,2024-11-06,2024-11-08,IN,EUR,5458.96,5458.96,Julia Berg,Subscription renewal
862,4462ebfc-5f91-4ef0-9cfb-ac6e7687a66e,c1333978812830f8,BOOKED,2024-11-06,2024-11-08,IN,EUR,6866.52,6866.52,Olivia Kowalski,Rent payment November
863,4462ebfc-5f91-4ef0-9cfb-ac6e7687a66e,d241a4e35395d333,BOOKED,2024-11-07,2024-11-08,OUT,EUR,-4276.55,4276.55,Peeter Kuusk,Tax payment IVK2ML72
864,4462ebfc-5f91-4ef0-9cfb-ac6e7687a66e,e3fffcdb381dd28d,BOOKED,2024-11-07,2024-11-08,OUT,EUR,-6829.9,6829.9,Tomas Dubois,Refund order B8YL226M
865,4462ebfc-5f91-4ef0-9cfb-ac6e7687a66e,c235acdf9ac10c9f,BOOKED,2024-11-08,2024-11-09,IN,EUR,4639.34,4639.34,Anna Paju,Service fee
866,4462ebfc-5f91-4ef0-9cfb-ac6e7687a66e,e2172e138cf89824,PENDING,,2024-11-09,OUT,EUR,-7428.18,7428.18,Tomas Lepp,Subscription renewal
867,4462ebfc-5f91-4ef0-9cfb-ac6e7687a66e,0fe6ad5990f23d78,BOOKED,2024-11-09,2024-11-10,OUT,EUR,-4863.24,4863.24,Stefan Mets,Loan repayment November
868,4462ebfc-5f91-4ef0-9cfb-ac6e7687a66e,7575b0162b71a2fd,BOOKED,2024-11-09,2024-11-10,OUT,EUR,-7939.28,7939.28,Peeter Paju,Donation to charity
869,4462ebfc-5f91-4ef0-9cfb-ac6e7687a66e,939c5bfc8b6f0d21,BOOKED,2024-11-08,2024-11-10,OUT,EUR,-5319.48,5319.48,Jan Oja,Insurance premium Q4
870,4462ebfc-5f91-4ef0-9cfb-ac6e7687a66e,b47d63644cbc10b9,BOOKED,2024-11-09,2024-11-10,OUT,EUR,-7963.15,7963.15,Liisa Kuusk,Insurance premium Q4
871,4462ebfc-5f91-4ef0-9cfb-ac6e7687a66e,e6487efde044e383,PENDING,,2024-11-10,OUT,EUR,-6344.34,6344.34,Peeter Saar,Rent payment November
872,4462ebfc-5f91-4ef0-9cfb-ac6e7687a66e,38250fe9d82614f8,PENDING,,2024-11-11,IN,EUR,6568.18,6568.18,Elena Tamm,Utility bill November
873,4462ebfc-5f91-4ef0-9cfb-ac6e7687a66e,6f6c37e697623e79,BOOKED,2024-11-10,2024-11-11,OUT,EUR,-498.52,498.52,Viktor Lepp,Service fee
874,4462ebfc-5f91-4ef0-9cfb-ac6e7687a66e,8ce9adef065f9ade,BOOKED,2024-11-10,2024-11-11,IN,EUR,8651.76,8651.76,Viktor Kask,Grocery store purchase
875,4462ebfc-5f91-4ef0-9cfb-ac6e7687a66e,56713296d6677afb,BOOKED,2024-11-11,2024-11-12,IN,EUR,8068.92,8068.92,Andres Mets,Grocery store purchase
876,4462ebfc-5f91-4ef0-9cfb-ac6e7687a66e,c732d95631129cff,BOOKED,2024-11-11,2024-11-12,OUT,EUR,-301.24,301.24,Marie Mets,Transfer to savings
877,4462ebfc-5f91-4ef0-9cfb-ac6e7687a66e,1e5b1ac1070a8187,BOOKED,2024-11-11,2024-11-13,IN,EUR,4890.35,4890.35,Katrin Kowalski,Freelance payment V1SL4BW5
878,4462ebfc-5f91-4ef0-9cfb-ac6e7687a66e,861f99574754bd66,BOOKED,2024-11-11,2024-11-13,OUT,EUR,-383.6,383.6,Katrin Jansen,Grocery store purchase
879,4462ebfc-5f91-4ef0-9cfb-ac6e7687a66e,ad816b889431b5ea,PENDING,,2024-11-13,IN,EUR,599.26,599.26,Julia Kuusk,Freelance payment NL0GH9YE
880,4462ebfc-5f91-4ef0-9cfb-ac6e7687a66e,4790724d482804d9,PENDING,,2024-11-14,OUT,EUR,-1748.14,1748.14,Anna Saar,Subscription renewal
881,4462ebfc-5f91-4ef0-9cfb-ac6e7687a66e,7e641d21e50c234f,PENDING,,2024-11-14,OUT,EUR,-9463.68,9463.68,Luca Kask,Utility bill November
882,4462ebfc-5f91-4ef0-9cfb-ac6e7687a66e,d15d7539b5b3881c,PENDING,,2024-11-14,IN,EUR,5864.66,5864.66,Marie Berg,Refund order U7IZ9TPN
883,4462ebfc-5f91-4ef0-9cfb-ac6e7687a66e,ead3ece7eb738ed1,BOOKED,2024-11-14,2024-11-14,OUT,EUR,-4875.73,4875.73,Andres Kuusk,Subscription renewal
884,4462ebfc-5f91-4ef0-9cfb-ac6e7687a66e,fd338bf06e4dd930,BOOKED,2024-11-14,2024-11-14,IN,EUR,654.31,654.31,Felix Rossi,Freelance payment P8GDJS84
885,4462ebfc-5f91-4ef0-9cfb-ac6e7687a66e,3a734c48c8b01762,BOOKED,2024-11-14,2024-11-15,OUT,EUR,-260.69,260.69,Marie Nilsson,Salary November
886,4462ebfc-5f91-4ef0-9cfb-ac6e7687a66e,e840d0db1d9d69a3,BOOKED,2024-11-13,2024-11-15,IN,EUR,9082.69,9082.69,Mart Lepp,Online purchase 0MYMDY4K
887,4462ebfc-5f91-4ef0-9cfb-ac6e7687a66e,f0672b541420eea9,BOOKED,2024-11-14,2024-11-15,IN,EUR,1260.3,1260.3,Stefan Kask,Utility bill November
888,4462ebfc-5f91-4ef0-9cfb-ac6e7687a66e,0cb1532567b9a357,PENDING,,2024-11-16,IN,EUR,1868.75,1868.75,Olivia Berg,Invoice X63X8R4H
889,4462ebfc-5f91-4ef0-9cfb-ac6e7687a66e,72c1d4efcbe139fe,BOOKED,2024-11-16,2024-11-16,IN,EUR,9557.57,9557.57,Sophie Dubois,Service fee
890,4462ebfc-5f91-4ef0-9cfb-ac6e7687a66e,e698c41d56ccf344,BOOKED,2024-11-15,2024-11-16,IN,EUR,4146.43,4146.43,Marie Jansen,Subscription renewal
891,4462ebfc-5f91-4ef0-9cfb-ac6e7687a66e,34673211e233843d,BOOKED,2024-11-17,2024-11-17,OUT,EUR,-4479.29,4479.29,Sophie Mets,Service fee
892,4462ebfc-5f91-4ef0-9cfb-ac6e7687a66e,4a5dc275d3e2f8f5,PENDING,,2024-11-17,IN,EUR,6604.17,6604.17,Felix Saar,Freelance payment ACO7T3N4
893,4462ebfc-5f91-4ef0-9cfb-ac6e7687a66e,c1f1909d7a2a05d5,PENDING,,2024-11-17,IN,EUR,4641.86,4641.86,Ingrid Kowalski,Loan repayment November
894,4462ebfc-5f91-4ef0-9cfb-ac6e7687a66e,c7bd692d86df0e5e,BOOKED,2024-11-17,2024-11-18,IN,EUR,852.74,852.74,Anna Kask,Utility bill November
895,4462ebfc-5f91-4ef0-9cfb-ac6e7687a66e,010d26bc3c46458f,BOOKED,2024-11-18,2024-11-19,OUT,EUR,-151.88,151.88,Anna Rossi,Transfer to savings
896,4462ebfc-5f91-4ef0-9cfb-ac6e7687a66e,0562acfcc6934f02,BOOKED,2024-11-19,2024-11-19,IN,EUR,6434.1,6434.1,Sophie Kuusk,Donation to charity
897,4462ebfc-5f91-4ef0-9cfb-ac6e7687a66e,09b2a235e43ac2cf,BOOKED,2024-11-19,2024-11-19,IN,EUR,3019.52,3019.52,Katrin Rossi,Service fee
898,4462ebfc-5f91-4ef0-9cfb-ac6e7687a66e,97bb3356cdb02185,BOOKED,2024-11-18,2024-11-19,OUT,EUR,-305.13,305.13,Peeter Mets,Grocery store purchase
899,4462ebfc-5f91-4ef0-9cfb-ac6e7687a66e,daf1319f020218df,BOOKED,2024-11-19,2024-11-19,IN,EUR,7566.06,7566.06,Mart Lepp,Loan repayment November
900,4462ebfc-5f91-4ef0-9cfb-ac6e7687a66e,a75a49e7d123985f,BOOKED,2024-11-20,2024-11-20,OUT,EUR,-5773.06,5773.06,Andres Kuusk,Refund order 2B3R1FE4
901,4462ebfc-5f91-4ef0-9cfb-ac6e7687a66e,7f70ae1b74e2d0d0,BOOKED,2024-11-19,2024-11-21,OUT,EUR,-7985.54,7985.54,Julia Nilsson,Refund order CEHF1DVO
902,4462ebfc-5f91-4ef0-9cfb-ac6e7687a66e,c0504b35d8946f8f,BOOKED,2024-11-19,2024-11-21,OUT,EUR,-3749.08,3749.08,Tomas Kask,Utility bill November
903,4462ebfc-5f91-4ef0-9cfb-ac6e7687a66e,15029e9e0126048d,BOOKED,2024-11-22,2024-11-22,IN,EUR,9721.24,9721.24,Jan Tamm,Service fee
904,4462ebfc-5f91-4ef0-9cfb-ac6e7687a66e,3ea1914295c3635a,BOOKED,2024-11-21,2024-11-22,OUT,EUR,-6861.15,6861.15,Clara Jansen,Refund order 9RCNDZYK
905,4462ebfc-5f91-4ef0-9cfb-ac6e7687a66e,f60008e61af3c418,BOOKED,2024-11-20,2024-11-22,OUT,EUR,-3777.75,3777.75,Viktor Paju,Salary November
906,4462ebfc-5f91-4ef0-9cfb-ac6e7687a66e,fe8c5a006a1ebff0,BOOKED,2024-11-21,2024-11-22,IN,EUR,676.47,676.47,Henrik Rossi,Service fee
907,4462ebfc-5f91-4ef0-9cfb-ac6e7687a66e,02d980cc58e068cb,BOOKED,2024-11-22,2024-11-23,OUT,EUR,-342.16,342.16,Markus Nilsson,Transfer to savings
908,4462ebfc-5f91-4ef0-9cfb-ac6e7687a66e,6c78d18a5ab3f5b3,BOOKED,2024-11-21,2024-11-23,IN,EUR,5983.14,5983.14,Clara Paju,Freelance payment MNK3SIPV
909,4462ebfc-5f91-4ef0-9cfb-ac6e7687a66e,7af372d8976e4c2c,BOOKED,2024-11-21,2024-11-23,OUT,EUR,-6061.99,6061.99,Peeter Berg,Insurance premium Q4
910,4462ebfc-5f91-4ef0-9cfb-ac6e7687a66e,ca1751686e93e0fb,BOOKED,2024-11-24,2024-11-24,OUT,EUR,-9948.94,9948.94,Ingrid Smith,Freelance payment MZ7Y3HG9
911,4462ebfc-5f91-4ef0-9cfb-ac6e7687a66e,5c9971f71fcaa3f1,BOOKED,2024-11-23,2024-11-25,OUT,EUR,-644.13,644.13,Andres Saar,Salary November
912,4462ebfc-5f91-4ef0-9cfb-ac6e7687a66e,bca13c00857d5c66,BOOKED,2024-11-24,2024-11-25,IN,EUR,9082.13,9082.13,Tomas Saar,Rent payment November
913,4462ebfc-5f91-4ef0-9cfb-ac6e7687a66e,67c9a14c87766b65,BOOKED,2024-11-26,2024-11-28,IN,EUR,9064.76,9064.76,Laura Berg,Invoice DQOVTNF3
914,4462ebfc-5f91-4ef0-9cfb-ac6e7687a66e,f6298150da7b93b5,BOOKED,2024-11-28,2024-11-28,IN,EUR,8991.41,8991.41,Andres Mets,Subscription renewal
915,4462ebfc-5f91-4ef0-9cfb-ac6e7687a66e,35edba759534de40,BOOKED,2024-11-28,2024-11-29,IN,EUR,9290.1,9290.1,Felix Mets,Rent payment November
916,4462ebfc-5f91-4ef0-9cfb-ac6e7687a66e,1fd399e249c0a5f0,BOOKED,2024-12-01,2024-12-01,IN,EUR,7373.77,7373.77,Clara Paju,Invoice QP10NOB7
917,4462ebfc-5f91-4ef0-9cfb-ac6e7687a66e,1eccd01cf42ddff1,BOOKED,2024-12-02,2024-12-02,OUT,EUR,-7636.65,7636.65,Carlos Mueller,Subscription renewal
918,4462ebfc-5f91-4ef0-9cfb-ac6e7687a66e,9737600e2351b511,BOOKED,2024-11-30,2024-12-02,OUT,EUR,-2062.69,2062.69,Tomas Kowalski,Donation to charity
919,4462ebfc-5f91-4ef0-9cfb-ac6e7687a66e,aa1b6933b2105119,BOOKED,2024-12-01,2024-12-02,OUT,EUR,-1289.07,1289.07,Mart Mets,Utility bill December
920,4462ebfc-5f91-4ef0-9cfb-ac6e7687a66e,abeb39687cd1b9bd,PENDING,,2024-12-02,IN,EUR,4286.35,4286.35,Carlos Jansen,Service fee
921,4462ebfc-5f91-4ef0-9cfb-ac6e7687a66e,d8120a1512d00d68,BOOKED,2024-11-30,2024-12-02,OUT,EUR,-8717.16,8717.16,Clara Kask,Service fee
922,4462ebfc-5f91-4ef0-9cfb-ac6e7687a66e,08716cf76141aba9,PENDING,,2024-12-03,OUT,EUR,-9594.54,9594.54,Liisa Kask,Rent payment December
923,4462ebfc-5f91-4ef0-9cfb-ac6e7687a66e,c4b188161d196317,PENDING,,2024-12-03,IN,EUR,4260.01,4260.01,Julia Mets,Utility bill December
924,4462ebfc-5f91-4ef0-9cfb-ac6e7687a66e,cb662664bddd1287,BOOKED,2024-12-02,2024-12-03,OUT,EUR,-5221.94,5221.94,Mart Jansen,Donation to charity
925,4462ebfc-5f91-4ef0-9cfb-ac6e7687a66e,f54e439187a6b57b,PENDING,,2024-12-03,OUT,EUR,-9514.66,9514.66,Laura Rossi,Online purchase GCYRWRET
926,4462ebfc-5f91-4ef0-9cfb-ac6e7687a66e,222721b1f252ec5b,BOOKED,2024-12-02,2024-12-04,IN,EUR,5372.47,5372.47,Mart Tamm,Subscription renewal
927,4462ebfc-5f91-4ef0-9cfb-ac6e7687a66e,23058ab0c1b30fc6,BOOKED,2024-12-04,2024-12-04,IN,EUR,6141.85,6141.85,Stefan Mueller,Freelance payment ONXXMT3O
928,4462ebfc-5f91-4ef0-9cfb-ac6e7687a66e,2ef2a72347060085,BOOKED,2024-12-03,2024-12-04,IN,EUR,6126.88,6126.88,Julia Jansen,Loan repayment December
929,4462ebfc-5f91-4ef0-9cfb-ac6e7687a66e,b9ab3e99197e1e48,BOOKED,2024-12-02,2024-12-04,OUT,EUR,-6320.77,6320.77,Liisa Berg,Freelance payment 8WW6V2J9
930,4462ebfc-5f91-4ef0-9cfb-ac6e7687a66e,f7ceb46f943a661e,BOOKED,2024-12-02,2024-12-04,IN,EUR,8045.69,8045.69,Markus Tamm,Transfer to savings
931,4462ebfc-5f91-4ef0-9cfb-ac6e7687a66e,323e730b0f925670,PENDING,,2024-12-05,OUT,EUR,-3280,3280,Clara Jansen,Grocery store purchase
932,4462ebfc-5f91-4ef0-9cfb-ac6e7687a66e,4e413aae5ef40e2c,BOOKED,2024-12-05,2024-12-05,IN,EUR,7404.61,7404.61,Andres Kowalski,Salary December
933,4462ebfc-5f91-4ef0-9cfb-ac6e7687a66e,ddf297d06f130b61,BOOKED,2024-12-05,2024-12-05,IN,EUR,6410.45,6410.45,Stefan Mets,Grocery store purchase
934,4462ebfc-5f91-4ef0-9cfb-ac6e7687a66e,507befd7f5139d9f,BOOKED,2024-12-06,2024-12-06,OUT,EUR,-7905.9,7905.9,Mart Berg,Freelance payment H8P29KOH
935,4462ebfc-5f91-4ef0-9cfb-ac6e7687a66e,79b14c051c9d4d3a,BOOKED,2024-12-04,2024-12-06,IN,EUR,7592.99,7592.99,Elena Lepp,Rent payment December
936,4462ebfc-5f91-4ef0-9cfb-ac6e7687a66e,b49228e4f29252cd,BOOKED,2024-12-07,2024-12-07,IN,EUR,1715.94,1715.94,Jan Paju,Invoice 7UFBB3TW
937,4462ebfc-5f91-4ef0-9cfb-ac6e7687a66e,3ec0029f2a965090,BOOKED,2024-12-07,2024-12-08,OUT,EUR,-3709.08,3709.08,Stefan Lepp,Invoice BR6Y8IJ8
938,4462ebfc-5f91-4ef0-9cfb-ac6e7687a66e,ee1035c412ef73d9,BOOKED,2024-12-08,2024-12-08,IN,EUR,9479.18,9479.18,Luca Smith,Subscription renewal
939,4462ebfc-5f91-4ef0-9cfb-ac6e7687a66e,a56ed26a245bcf53,BOOKED,2024-12-09,2024-12-09,IN,EUR,9691.29,9691.29,Viktor Nilsson,Loan repayment December
940,4462ebfc-5f91-4ef0-9cfb-ac6e7687a66e,c40628b38f4eae68,BOOKED,2024-12-07,2024-12-09,OUT,EUR,-9443.52,9443.52,Sophie Paju,Salary December
941,4462ebfc-5f91-4ef0-9cfb-ac6e7687a66e,d6ff126423c2a789,BOOKED,2024-12-09,2024-12-09,IN,EUR,3944.02,3944.02,Katrin Oja,Service fee
942,4462ebfc-5f91-4ef0-9cfb-ac6e7687a66e,01620df156e869e5,BOOKED,2024-12-08,2024-12-10,IN,EUR,8049.1,8049.1,Henrik Mueller,Donation to charity
943,4462ebfc-5f91-4ef0-9cfb-ac6e7687a66e,057f5faf36a856f5,BOOKED,2024-12-08,2024-12-10,OUT,EUR,-634.61,634.61,Carlos Rossi,Loan repayment December
944,4462ebfc-5f91-4ef0-9cfb-ac6e7687a66e,65a45f7bd2c9cbe4,BOOKED,2024-12-08,2024-12-10,IN,EUR,9242.6,9242.6,Marie Paju,Online purchase C6HQSIND
945,4462ebfc-5f91-4ef0-9cfb-ac6e7687a66e,dd38a1da4f9f28b6,BOOKED,2024-12-10,2024-12-11,OUT,EUR,-4196.21,4196.21,Ingrid Mueller,Salary December
946,4462ebfc-5f91-4ef0-9cfb-ac6e7687a66e,ffdbd0270221af03,BOOKED,2024-12-11,2024-12-11,IN,EUR,3434.25,3434.25,Sophie Nilsson,Insurance premium Q4
947,4462ebfc-5f91-4ef0-9cfb-ac6e7687a66e,9be255d558361752,BOOKED,2024-12-11,2024-12-12,OUT,EUR,-9623.15,9623.15,Katrin Kowalski,Grocery store purchase
948,4462ebfc-5f91-4ef0-9cfb-ac6e7687a66e,d32c4813a37ae0b0,BOOKED,2024-12-15,2024-12-15,IN,EUR,8299,8299,Julia Saar,Salary December
949,4462ebfc-5f91-4ef0-9cfb-ac6e7687a66e,d5e8a1d3f19982e1,BOOKED,2024-12-15,2024-12-15,IN,EUR,379.4,379.4,Jan Smith,Transfer to savings
950,4462ebfc-5f91-4ef0-9cfb-ac6e7687a66e,df13ed124d10cf61,BOOKED,2024-12-13,2024-12-15,IN,EUR,2851.34,2851.34,Ingrid Kowalski,Invoice FQDDT2KI
951,4462ebfc-5f91-4ef0-9cfb-ac6e7687a66e,345d8729bb7aa43e,BOOKED,2024-12-15,2024-12-16,OUT,EUR,-9643.96,9643.96,Anna Kuusk,Donation to charity
952,4462ebfc-5f91-4ef0-9cfb-ac6e7687a66e,64c14927a00f631f,BOOKED,2024-12-14,2024-12-16,OUT,EUR,-9623.02,9623.02,Katrin Dubois,Freelance payment 12AF3LEX
953,4462ebfc-5f91-4ef0-9cfb-ac6e7687a66e,a3bd131de9f403d1,BOOKED,2024-12-15,2024-12-16,OUT,EUR,-1160.19,1160.19,Stefan Mueller,Salary December
954,4462ebfc-5f91-4ef0-9cfb-ac6e7687a66e,f256e62c0c302a66,BOOKED,2024-12-14,2024-12-16,IN,EUR,3935.57,3935.57,Felix Jansen,Transfer to savings
955,4462ebfc-5f91-4ef0-9cfb-ac6e7687a66e,7e73efdc12e5c758,BOOKED,2024-12-16,2024-12-17,IN,EUR,915.75,915.75,Henrik Dubois,Tax payment 56IO1GJJ
956,4462ebfc-5f91-4ef0-9cfb-ac6e7687a66e,981d7d952ef3f57a,BOOKED,2024-12-16,2024-12-17,OUT,EUR,-2902.54,2902.54,Carlos Smith,Online purchase JJSONADL
957,4462ebfc-5f91-4ef0-9cfb-ac6e7687a66e,a9be9e9a0adb5cba,BOOKED,2024-12-15,2024-12-17,IN,EUR,8206.72,8206.72,Marie Kowalski,Donation to charity
958,4462ebfc-5f91-4ef0-9cfb-ac6e7687a66e,a49c5da8496d4d94,BOOKED,2024-12-18,2024-12-18,IN,EUR,4523.31,4523.31,Elena Berg,Transfer to savings
959,4462ebfc-5f91-4ef0-9cfb-ac6e7687a66e,c3cf82981a35b080,PENDING,,2024-12-18,OUT,EUR,-5461.56,5461.56,Emma Smith,Donation to charity
960,4462ebfc-5f91-4ef0-9cfb-ac6e7687a66e,133fefe8710dd550,BOOKED,2024-12-19,2024-12-19,OUT,EUR,-2782.93,2782.93,Ingrid Rossi,Grocery store purchase
961,4462ebfc-5f91-4ef0-9cfb-ac6e7687a66e,847be37edd08670d,BOOKED,2024-12-18,2024-12-19,IN,EUR,2619.49,2619.49,Andres Kask,Grocery store purchase
962,4462ebfc-5f91-4ef0-9cfb-ac6e7687a66e,08f3123532a7d965,BOOKED,2024-12-18,2024-12-20,IN,EUR,8731.14,8731.14,Markus Rossi,Donation to charity
963,4462ebfc-5f91-4ef0-9cfb-ac6e7687a66e,1f404ea0a8f270f9,PENDING,,2024-12-20,OUT,EUR,-9223.91,9223.91,Peeter Oja,Salary December
964,4462ebfc-5f91-4ef0-9cfb-ac6e7687a66e,6b890ff01891322d,PENDING,,2024-12-20,OUT,EUR,-5392.44,5392.44,Anna Smith,Refund order YNTARN4E
965,4462ebfc-5f91-4ef0-9cfb-ac6e7687a66e,e2dcfcf630369a35,BOOKED,2024-12-19,2024-12-20,IN,EUR,6111.56,6111.56,Jan Saar,Transfer to savings
966,4462ebfc-5f91-4ef0-9cfb-ac6e7687a66e,8f33773817763b39,PENDING,,2024-12-21,IN,EUR,6883.22,6883.22,Mart Nilsson,Salary December
967,4462ebfc-5f91-4ef0-9cfb-ac6e7687a66e,dc8621de1b70380c,BOOKED,2024-12-20,2024-12-21,OUT,EUR,-6579.25,6579.25,Laura Kowalski,Service fee
968,4462ebfc-5f91-4ef0-9cfb-ac6e7687a66e,ffd23dc8a4c6a8d3,BOOKED,2024-12-21,2024-12-21,OUT,EUR,-6151.41,6151.41,Andres Nilsson,Invoice PPHPRK7I
969,4462ebfc-5f91-4ef0-9cfb-ac6e7687a66e,8a55bcb044650145,BOOKED,2024-12-20,2024-12-22,IN,EUR,3223.36,3223.36,Mart Oja,Refund order SFUPWL3G
970,4462ebfc-5f91-4ef0-9cfb-ac6e7687a66e,9f10494daa6f2347,BOOKED,2024-12-21,2024-12-22,OUT,EUR,-3762.6,3762.6,Felix Jansen,Service fee
971,4462ebfc-5f91-4ef0-9cfb-ac6e7687a66e,01ec4a20a2afc0d7,BOOKED,2024-12-21,2024-12-23,IN,EUR,5355.24,5355.24,Julia Dubois,Freelance payment MNUWE8WU
972,4462ebfc-5f91-4ef0-9cfb-ac6e7687a66e,a2824cba19757d8b,BOOKED,2024-12-21,2024-12-23,OUT,EUR,-8846.73,8846.73,Stefan Lepp,Insurance premium Q4
973,4462ebfc-5f91-4ef0-9cfb-ac6e7687a66e,ad400fd18c3b5558,PENDING,,2024-12-23,OUT,EUR,-3543.07,3543.07,Felix Kowalski,Donation to charity
974,4462ebfc-5f91-4ef0-9cfb-ac6e7687a66e,f2bcf33eae3a8292,PENDING,,2024-12-23,OUT,EUR,-7179.22,7179.22,Carlos Paju,Online purchase 21YPQTLS
975,4462ebfc-5f91-4ef0-9cfb-ac6e7687a66e,fb6513f161a03a8d,BOOKED,2024-12-23,2024-12-23,OUT,EUR,-9792.97,9792.97,Sophie Rossi,Tax payment 8Z21DR7D
976,4462ebfc-5f91-4ef0-9cfb-ac6e7687a66e,203f9156c6f5515f,BOOKED,2024-12-22,2024-12-24,OUT,EUR,-7137.05,7137.05,Andres Kowalski,Insurance premium Q4
977,4462ebfc-5f91-4ef0-9cfb-ac6e7687a66e,586829ca41d4fcf0,BOOKED,2024-12-23,2024-12-24,OUT,EUR,-6925.31,6925.31,Ingrid Tamm,Utility bill December
978,4462ebfc-5f91-4ef0-9cfb-ac6e7687a66e,6cc6f6b56552ce47,PENDING,,2024-12-24,OUT,EUR,-1243.82,1243.82,Emma Berg,Grocery store purchase
979,4462ebfc-5f91-4ef0-9cfb-ac6e7687a66e,a25ef363361135d0,BOOKED,2024-12-23,2024-12-24,IN,EUR,2783.22,2783.22,Olivia Jansen,Refund order 0IN6TQ0A
980,4462ebfc-5f91-4ef0-9cfb-ac6e7687a66e,e226ccfba5f89676,BOOKED,2024-12-22,2024-12-24,OUT,EUR,-1357.91,1357.91,Carlos Rossi,Salary December
981,4462ebfc-5f91-4ef0-9cfb-ac6e7687a66e,2d64c240e82e0261,PENDING,,2024-12-25,IN,EUR,7939.66,7939.66,Henrik Kask,Subscription renewal
982,4462ebfc-5f91-4ef0-9cfb-ac6e7687a66e,9cf00e75521547db,PENDING,,2024-12-25,IN,EUR,3490.19,3490.19,Andres Nilsson,Online purchase ESZTCMVM
983,4462ebfc-5f91-4ef0-9cfb-ac6e7687a66e,fa402ce3fafd3626,BOOKED,2024-12-23,2024-12-25,OUT,EUR,-8466.08,8466.08,Olivia Paju,Transfer to savings
984,4462ebfc-5f91-4ef0-9cfb-ac6e7687a66e,a36da6d0a50d6ed0,BOOKED,2024-12-25,2024-12-26,IN,EUR,3886.75,3886.75,Carlos Kask,Online purchase RO09UKCA
985,4462ebfc-5f91-4ef0-9cfb-ac6e7687a66e,e4fb974818677a53,BOOKED,2024-12-25,2024-12-26,OUT,EUR,-2512.45,2512.45,Katrin Mets,Salary December
986,4462ebfc-5f91-4ef0-9cfb-ac6e7687a66e,ee2a79d797afd98a,BOOKED,2024-12-26,2024-12-26,OUT,EUR,-5509.19,5509.19,Elena Saar,Transfer to savings
987,4462ebfc-5f91-4ef0-9cfb-ac6e7687a66e,1358a3764a0b261d,PENDING,,2024-12-27,IN,EUR,2769.89,2769.89,Tomas Dubois,Tax payment 7DONOKPB
988,4462ebfc-5f91-4ef0-9cfb-ac6e7687a66e,3b12696624dc8c52,BOOKED,2024-12-27,2024-12-27,IN,EUR,1153.07,1153.07,Viktor Tamm,Service fee
989,4462ebfc-5f91-4ef0-9cfb-ac6e7687a66e,3fb3694aea62db20,BOOKED,2024-12-26,2024-12-27,IN,EUR,7830.69,7830.69,Clara Saar,Refund order Y9LSEU19
990,4462ebfc-5f91-4ef0-9cfb-ac6e7687a66e,7184569ea124c165,PENDING,,2024-12-27,IN,EUR,3796.81,3796.81,Marie Smith,Rent payment December
991,4462ebfc-5f91-4ef0-9cfb-ac6e7687a66e,bf4bf4eb7018b4ec,BOOKED,2024-12-25,2024-12-27,IN,EUR,342.17,342.17,Elena Mets,Insurance premium Q4
992,4462ebfc-5f91-4ef0-9cfb-ac6e7687a66e,d02b64d3e4648b4a,BOOKED,2024-12-26,2024-12-27,IN,EUR,2948.43,2948.43,Jan Kask,Online purchase 7EYCZEQW
993,4462ebfc-5f91-4ef0-9cfb-ac6e7687a66e,069650bba3a19ee5,BOOKED,2024-12-26,2024-12-28,IN,EUR,4194.18,4194.18,Felix Kuusk,Donation to charity
994,4462ebfc-5f91-4ef0-9cfb-ac6e7687a66e,795a60e4ec5f2d0a,BOOKED,2024-12-26,2024-12-28,OUT,EUR,-1885.59,1885.59,Laura Mueller,Subscription renewal
995,4462ebfc-5f91-4ef0-9cfb-ac6e7687a66e,cd6edf43028eee84,PENDING,,2024-12-28,IN,EUR,774.59,774.59,Tomas Kask,Tax payment CJZSIMOZ
996,4462ebfc-5f91-4ef0-9cfb-ac6e7687a66e,0d17b7a9df7aed37,BOOKED,2024-12-27,2024-12-29,OUT,EUR,-6636.3,6636.3,Henrik Nilsson,Tax payment X70JU0MS
997,4462ebfc-5f91-4ef0-9cfb-ac6e7687a66e,fbe3a98905af2b5b,BOOKED,2024-12-29,2024-12-29,IN,EUR,5928.31,5928.31,Anna Jansen,Service fee
998,4462ebfc-5f91-4ef0-9cfb-ac6e7687a66e,61439e5e7c930255,PENDING,,2024-12-30,OUT,EUR,-4415.5,4415.5,Andres Dubois,Insurance premium Q4
999,4462ebfc-5f91-4ef0-9cfb-ac6e7687a66e,86754a5a2ff7f81e,BOOKED,2024-12-30,2024-12-31,OUT,EUR,-8243.23,8243.23,Clara Kuusk,Subscription renewal
1000,4462ebfc-5f91-4ef0-9cfb-ac6e7687a66e,b78864e70fc5d173,BOOKED,2024-12-30,2024-12-31,OUT,EUR,-3848.82,3848.82,Luca Mueller,Tax payment KH8N5AVP
